data,defasagem_diesel_pct,defasagem_gasolina_pct,ptax_brl_usd,brent_usd_bbl,post_url,post_slug
2026-05-25,-32.0,-60,5.01,98,https://abicom.com.br/ppi/ppi-25-05-2026/,ppi-25-05-2026
2026-05-22,-30.0,-56,5.01,106,https://abicom.com.br/ppi/ppi-22-05-2026/,ppi-22-05-2026
2026-05-21,-35.0,-62,5.03,106,https://abicom.com.br/ppi/ppi-21-05-2026/,ppi-21-05-2026
2026-05-20,-43.0,-73,5.04,108,https://abicom.com.br/ppi/ppi-20-05-2026/,ppi-20-05-2026
2026-05-19,-40.0,-77,5.01,110,https://abicom.com.br/ppi/ppi-19-05-2026/,ppi-19-05-2026
2026-05-18,-40.0,-77,5.07,111,https://abicom.com.br/ppi/ppi-18-05-2026/,ppi-18-05-2026
2026-05-15,-32.0,-70,4.98,108,https://abicom.com.br/ppi/ppi-15-05-2026/,ppi-15-05-2026
2026-05-14,-33.0,-69,4.91,106,https://abicom.com.br/ppi/ppi-14-05-2026/,ppi-14-05-2026
2026-05-13,-39.0,-73,4.9,107,https://abicom.com.br/ppi/ppi-13-05-2026/,ppi-13-05-2026
2026-05-12,-32.0,-69,4.9,107,https://abicom.com.br/ppi/ppi-12-05-2026/,ppi-12-05-2026
2026-05-11,-30.0,-65,4.9,104,https://abicom.com.br/ppi/ppi-11-05-2026/,ppi-11-05-2026
2026-05-08,-29.0,-62,4.92,100,https://abicom.com.br/ppi/ppi-08-05-2026/,ppi-08-05-2026
2026-05-07,-29.0,-63,4.93,98,https://abicom.com.br/ppi/ppi-07-05-2026/,ppi-07-05-2026
2026-05-06,-24.0,-54,4.92,98,https://abicom.com.br/ppi/ppi-06-05-2026/,ppi-06-05-2026
2026-05-05,-42.0,-75,4.96,113,https://abicom.com.br/ppi/ppi-05-05-2026/,ppi-05-05-2026
2026-05-04,-39.0,-69,4.99,111,https://abicom.com.br/ppi/ppi-04-05-2026/,ppi-04-05-2026
2026-04-30,-48.0,-69,5.0,116,https://abicom.com.br/ppi/ppi-30-04-2026/,ppi-30-04-2026
2026-04-29,-39.0,-62,4.99,115,https://abicom.com.br/ppi/ppi-29-04-2026/,ppi-29-04-2026
2026-04-28,-39.0,-58,4.97,111,https://abicom.com.br/ppi/ppi-28-04-2026/,ppi-28-04-2026
2026-04-27,-37.0,-58,5.0,108,https://abicom.com.br/ppi/ppi-27-04-2026/,ppi-27-04-2026
2026-04-24,-40.0,-55,4.96,103,https://abicom.com.br/ppi/ppi-24-04-2026/,ppi-24-04-2026
2026-04-23,-39.0,-50,4.96,103,https://abicom.com.br/ppi/ppi-23-04-2026/,ppi-23-04-2026
2026-04-22,-33.0,-43,4.98,99,https://abicom.com.br/ppi/ppi-22-04-2026/,ppi-22-04-2026
2026-04-20,-22.0,-32,4.97,95,https://abicom.com.br/ppi/ppi-20-04-2026/,ppi-20-04-2026
2026-04-17,-38.0,-41,5.0,96,https://abicom.com.br/ppi/ppi-17-04-2026/,ppi-17-04-2026
2026-04-16,-35.0,-36,4.99,96,https://abicom.com.br/ppi/ppi-16-04-2026/,ppi-16-04-2026
2026-04-15,-30.0,-34,4.98,96,https://abicom.com.br/ppi/ppi-15-04-2026/,ppi-15-04-2026
2026-04-14,-38.0,-38,5.02,99,https://abicom.com.br/ppi/ppi-14-04-2026/,ppi-14-04-2026
2026-04-13,-36.0,-35,5.02,102,https://abicom.com.br/ppi/ppi-13-04-2026/,ppi-13-04-2026
2026-04-10,-43.0,-34,5.08,96,https://abicom.com.br/ppi/ppi-10-04-2026/,ppi-10-04-2026
2026-04-09,-39.0,-34,5.09,98,https://abicom.com.br/ppi/ppi-09-04-2026/,ppi-09-04-2026
2026-04-08,-64.0,-52,5.16,94,https://abicom.com.br/ppi/ppi-08-04-2026/,ppi-08-04-2026
2026-04-07,-58.0,-52,5.15,111,https://abicom.com.br/ppi/ppi-07-04-2026/,ppi-07-04-2026
2026-04-06,-58.0,-48,5.19,107,https://abicom.com.br/ppi/ppi-06-04-2026/,ppi-06-04-2026
2026-04-02,-48.0,-42,5.19,108,https://abicom.com.br/ppi/ppi-02-04-2026/,ppi-02-04-2026
2026-04-01,-53.0,-53,5.21,103,https://abicom.com.br/ppi/ppi-01-04-2026/,ppi-01-04-2026
2026-03-31,-62.0,-56,5.23,114,https://abicom.com.br/ppi/ppi-31-03-2026/,ppi-31-03-2026
2026-03-30,-72.0,-54,5.24,115,https://abicom.com.br/ppi/ppi-30-03-2026/,ppi-30-03-2026
2026-03-27,-61.0,-43,5.23,116,https://abicom.com.br/ppi/ppi-27-03-2026/,ppi-27-03-2026
2026-03-26,-52.0,-37,5.22,105,https://abicom.com.br/ppi/ppi-26-03-2026/,ppi-26-03-2026
2026-03-25,-53.0,-36,5.26,98,https://abicom.com.br/ppi/ppi-25-03-2026/,ppi-25-03-2026
2026-03-24,-55.0,-37,5.24,101,https://abicom.com.br/ppi/ppi-24-03-2026/,ppi-24-03-2026
2026-03-23,-74.0,-55,5.28,113,https://abicom.com.br/ppi/ppi-23-03-2026/,ppi-23-03-2026
2026-03-20,-64.0,-46,5.26,109,https://abicom.com.br/ppi/ppi-20-03-2026/,ppi-20-03-2026
2026-03-19,-57.0,-44,5.21,115,https://abicom.com.br/ppi/ppi-19-03-2026/,ppi-19-03-2026
2026-03-18,-52.0,-47,5.2,106,https://abicom.com.br/ppi/ppi-18-03-2026/,ppi-18-03-2026
2026-03-17,-47.0,-42,5.26,103,https://abicom.com.br/ppi/ppi-17-03-2026/,ppi-17-03-2026
2026-03-16,-53.0,-44,5.25,103,https://abicom.com.br/ppi/ppi-16-03-2026/,ppi-16-03-2026
2026-03-13,-62.0,-38,5.2,100,https://abicom.com.br/ppi/ppi-13-03-2026/,ppi-13-03-2026
2026-03-12,-41.0,-23,5.16,97,https://abicom.com.br/ppi/ppi-12-03-2026/,ppi-12-03-2026
2026-03-11,-42.0,-21,5.16,90,https://abicom.com.br/ppi/ppi-11-03-2026/,ppi-11-03-2026
2026-03-10,-54.0,-32,5.21,91,https://abicom.com.br/ppi/ppi-10-03-2026/,ppi-10-03-2026
2026-03-09,-78.0,-46,5.29,107,https://abicom.com.br/ppi/ppi-09-03-2026/,ppi-09-03-2026
2026-03-06,-58.0,-25,5.24,87,https://abicom.com.br/ppi/ppi-06-03-2026/,ppi-06-03-2026
2026-03-05,-41.0,-16,5.21,82,https://abicom.com.br/ppi/ppi-05-03-2026/,ppi-05-03-2026
2026-03-04,-42.0,-17,5.28,84,https://abicom.com.br/ppi/ppi-04-03-2026/,ppi-04-03-2026
2026-03-03,-25.0,-11,5.2,83,https://abicom.com.br/ppi/ppi-03-03-2026/,ppi-03-03-2026
2026-03-02,-22.0,-17,5.16,79,https://abicom.com.br/ppi/ppi-02-03-2026/,ppi-02-03-2026
2026-02-27,-12.0,-3,5.14,72,https://abicom.com.br/ppi/ppi-27-02-2026/,ppi-27-02-2026
2026-02-26,-14.0,-2,5.14,69,https://abicom.com.br/ppi/ppi-26-02-2026/,ppi-26-02-2026
2026-02-25,-16.0,0,5.16,71,https://abicom.com.br/ppi/ppi-25-02-2026/,ppi-25-02-2026
2026-02-24,-16.0,-1,5.16,71,https://abicom.com.br/ppi/ppi-24-02-2026/,ppi-24-02-2026
2026-02-23,-13.0,-2,5.2,71,https://abicom.com.br/ppi/ppi-23-02-2026/,ppi-23-02-2026
2026-02-20,-14.0,-3,5.23,71,https://abicom.com.br/ppi/ppi-20-02-2026/,ppi-20-02-2026
2026-02-19,-10.0,-1,5.23,71,https://abicom.com.br/ppi/ppi-19-02-2026/,ppi-19-02-2026
2026-02-18,-4.0,2,5.23,692,https://abicom.com.br/ppi/ppi-18-02-2026/,ppi-18-02-2026
2026-02-17,-4.0,2,5.23,68,https://abicom.com.br/ppi/ppi-17-02-2026/,ppi-17-02-2026
2026-02-16,-4.0,2,5.23,68,https://abicom.com.br/ppi/ppi-16-02-2026/,ppi-16-02-2026
2026-02-13,-3.0,3,5.17,68,https://abicom.com.br/ppi/ppi-13-02-2026/,ppi-13-02-2026
2026-02-12,-7.0,-1,5.18,70,https://abicom.com.br/ppi/ppi-12-02-2026/,ppi-12-02-2026
2026-02-11,-6.0,-1,5.2,70,https://abicom.com.br/ppi/ppi-11-02-2026/,ppi-11-02-2026
2026-02-10,-6.0,-3,5.29,69,https://abicom.com.br/ppi/ppi-10-02-2026/,ppi-10-02-2026
2026-02-09,-7.0,-2,5.23,67,https://abicom.com.br/ppi/ppi-09-02-2026/,ppi-09-02-2026
2026-02-06,-7.0,0,5.26,68,https://abicom.com.br/ppi/ppi-06-02-2026/,ppi-06-02-2026
2026-02-05,-10.0,-2,5.24,68,https://abicom.com.br/ppi/ppi-05-02-2026/,ppi-05-02-2026
2026-02-04,-6.0,1,5.22,67,https://abicom.com.br/ppi/ppi-04-02-2026/,ppi-04-02-2026
2026-02-03,-4.0,2,5.26,66,https://abicom.com.br/ppi/ppi-03-02-2026/,ppi-03-02-2026
2026-02-02,-19.0,-1,5.23,66,https://abicom.com.br/ppi/ppi-02-02-2026/,ppi-02-02-2026
2026-01-30,-12.0,1,5.19,69,https://abicom.com.br/ppi/ppi-30-01-2026/,ppi-30-01-2026
2026-01-29,,3,5.18,70,https://abicom.com.br/ppi/ppi-29-01-2026/,ppi-29-01-2026
2026-01-28,-15.0,4,5.24,67,https://abicom.com.br/ppi/ppi-28-01-2026/,ppi-28-01-2026
2026-01-27,-12.0,5,,65,https://abicom.com.br/ppi/ppi-27-01-2026/,ppi-27-01-2026
2026-01-26,-7.0,8,,66,https://abicom.com.br/ppi/ppi-26-01-2026/,ppi-26-01-2026
2026-01-23,-5.0,9,,64,https://abicom.com.br/ppi/ppi-23-01-2026/,ppi-23-01-2026
2026-01-22,-9.0,7,,64,https://abicom.com.br/ppi/ppi-22-01-2026/,ppi-22-01-2026
2026-01-21,-6.0,8,,64,https://abicom.com.br/ppi/ppi-21-01-2026/,ppi-21-01-2026
2026-01-20,-2.0,11,,64,https://abicom.com.br/ppi/ppi-20-01-2026/,ppi-20-01-2026
2026-01-19,-2.0,11,,63,https://abicom.com.br/ppi/ppi-19-01-2026/,ppi-19-01-2026
2026-01-16,-1.0,11,,64,https://abicom.com.br/ppi/ppi-16-01-2026/,ppi-16-01-2026
2026-01-15,-4.0,8,,64,https://abicom.com.br/ppi/ppi-15-01-2026/,ppi-15-01-2026
2026-01-14,-3.0,7,,65,https://abicom.com.br/ppi/ppi-14-01-2026/,ppi-14-01-2026
2026-01-13,1.0,8,,64,https://abicom.com.br/ppi/ppi-13-01-2026/,ppi-13-01-2026
2026-01-12,2.0,9,,63,https://abicom.com.br/ppi/ppi-12-01-2026/,ppi-12-01-2026
2026-01-09,2.0,9,,62,https://abicom.com.br/ppi/ppi-09-01-2026/,ppi-09-01-2026
2026-01-08,6.0,12,5.38,60,https://abicom.com.br/ppi/ppi-08-01-2026/,ppi-08-01-2026
2026-01-07,5.0,12,,60,https://abicom.com.br/ppi/ppi-07-01-2026/,ppi-07-01-2026
2026-01-06,2.0,9,,61,https://abicom.com.br/ppi/ppi-06-01-2026/,ppi-06-01-2026
2026-01-05,2.0,11,,60,https://abicom.com.br/ppi/ppi-05-01-2026/,ppi-05-01-2026
2026-01-02,0.0,9,,61,https://abicom.com.br/ppi/ppi-02-01-2026/,ppi-02-01-2026
2025-12-30,-1.0,9,,62,https://abicom.com.br/ppi/ppi-30-12-2025/,ppi-30-12-2025
2025-12-29,0.0,9,,61,https://abicom.com.br/ppi/ppi-29-12-2025/,ppi-29-12-2025
2025-12-26,-2.0,6,,62,https://abicom.com.br/ppi/ppi-26-12-2025/,ppi-26-12-2025
2025-12-23,-2.0,7,,62,https://abicom.com.br/ppi/ppi-23-12-2025/,ppi-23-12-2025
2025-12-22,-1.0,9,,59,https://abicom.com.br/ppi/ppi-22-12-2025/,ppi-22-12-2025
2025-12-19,-1.0,9,,59,https://abicom.com.br/ppi/ppi-19-12-2025/,ppi-19-12-2025
2025-12-18,-2.0,10,,59,https://abicom.com.br/ppi/ppi-18-12-2025/,ppi-18-12-2025
2025-12-17,1.0,12,,59,https://abicom.com.br/ppi/ppi-17-12-2025/,ppi-17-12-2025
2025-12-16,0.0,10,,59,https://abicom.com.br/ppi/ppi-16-12-2025/,ppi-16-12-2025
2025-12-15,-1.0,10,,61,https://abicom.com.br/ppi/ppi-15-12-2025/,ppi-15-12-2025
2025-12-12,-3.0,10,,61,https://abicom.com.br/ppi/ppi-12-12-2025/,ppi-12-12-2025
2025-12-11,-6.0,8,,62,https://abicom.com.br/ppi/ppi-11-12-2025/,ppi-11-12-2025
2025-12-10,-5.0,8,,62,https://abicom.com.br/ppi/ppi-10-12-2025/,ppi-10-12-2025
2025-12-09,-7.0,8,,62,https://abicom.com.br/ppi/ppi-09-12-2025/,ppi-09-12-2025
2025-12-08,-8.0,8,,63,https://abicom.com.br/ppi/ppi-08-12-2025/,ppi-08-12-2025
2025-12-05,-4.0,9,,63,https://abicom.com.br/ppi/ppi-05-12-2025/,ppi-05-12-2025
2025-12-04,-4.0,8,,63,https://abicom.com.br/ppi/ppi-04-12-2025/,ppi-04-12-2025
2025-12-03,-5.0,7,,63,https://abicom.com.br/ppi/ppi-03-12-2025/,ppi-03-12-2025
2025-12-02,-6.0,5,,63,https://abicom.com.br/ppi/ppi-02-12-2025/,ppi-02-12-2025
2025-12-01,-6.0,3,,63,https://abicom.com.br/ppi/ppi-01-12-2025/,ppi-01-12-2025
2025-11-28,-6.0,3,,63,https://abicom.com.br/ppi/ppi-28-11-2025/,ppi-28-11-2025
2025-11-27,-6.0,3,,63,https://abicom.com.br/ppi/ppi-27-11-2025/,ppi-27-11-2025
2025-11-26,-8.0,3,,63,https://abicom.com.br/ppi/ppi-26-11-2025/,ppi-26-11-2025
2025-11-25,-10.0,2,,63,https://abicom.com.br/ppi/ppi-25-11-2025/,ppi-25-11-2025
2025-11-24,-13.0,3,,62,https://abicom.com.br/ppi/ppi-24-11-2025/,ppi-24-11-2025
2025-11-21,-14.0,2,,62,https://abicom.com.br/ppi/ppi-21-11-2025/,ppi-21-11-2025
2025-11-20,-19.0,1,,63,https://abicom.com.br/ppi/ppi-20-11-2025/,ppi-20-11-2025
2025-11-19,-22.0,-3,,64,https://abicom.com.br/ppi/ppi-19-11-2025/,ppi-19-11-2025
2025-11-18,-15.0,-2,,64,https://abicom.com.br/ppi/ppi-18-11-2025/,ppi-18-11-2025
2025-11-17,-14.0,-2,,64,https://abicom.com.br/ppi/ppi-17-11-2025/,ppi-17-11-2025
2025-11-14,-11.0,1,,64,https://abicom.com.br/ppi/ppi-14-11-2025/,ppi-14-11-2025
2025-11-13,-12.0,1,,64,https://abicom.com.br/ppi/ppi-13-11-2025/,ppi-13-11-2025
2025-11-12,-16.0,-2,,64,https://abicom.com.br/ppi/ppi-12-11-2025/,ppi-12-11-2025
2025-11-11,-13.0,-1,,64,https://abicom.com.br/ppi/ppi-11-11-2025/,ppi-11-11-2025
2025-11-10,-12.0,0,,63,https://abicom.com.br/ppi/ppi-10-11-2025/,ppi-10-11-2025
2025-11-07,-12.0,-1,,64,https://abicom.com.br/ppi/ppi-07-11-2025/,ppi-07-11-2025
2025-11-06,-10.0,1,,64,https://abicom.com.br/ppi/ppi-06-11-2025/,ppi-06-11-2025
2025-11-05,-11.0,0,,64,https://abicom.com.br/ppi/ppi-05-11-2025/,ppi-05-11-2025
2025-11-04,-10.0,0,,63,https://abicom.com.br/ppi/ppi-04-11-2025/,ppi-04-11-2025
2025-11-03,-12.0,-5,,64,https://abicom.com.br/ppi/ppi-03-11-2025/,ppi-03-11-2025
2025-10-31,-13.0,-5,,65,https://abicom.com.br/ppi/ppi-31-10-2025/,ppi-31-10-2025
2025-10-30,-10.0,-3,,64,https://abicom.com.br/ppi/ppi-30-10-2025/,ppi-30-10-2025
2025-10-29,-10.0,-1,,64,https://abicom.com.br/ppi/ppi-29-10-2025/,ppi-29-10-2025
2025-10-28,-13.0,-1,,64,https://abicom.com.br/ppi/ppi-28-10-2025/,ppi-28-10-2025
2025-10-27,-11.0,-1,,65,https://abicom.com.br/ppi/ppi-27-10-2025/,ppi-27-10-2025
2025-10-24,-11.0,-1,,66,https://abicom.com.br/ppi/ppi-24-10-2025/,ppi-24-10-2025
2025-10-23,-4.0,2,,65,https://abicom.com.br/ppi/ppi-23-10-2025/,ppi-23-10-2025
2025-10-22,-3.0,5,,61,https://abicom.com.br/ppi/ppi-22-10-2025/,ppi-22-10-2025
2025-10-21,-3.0,5,,61,https://abicom.com.br/ppi/ppi-21-10-2025/,ppi-21-10-2025
2025-10-20,-3.0,8,,61,https://abicom.com.br/ppi/ppi-20-10-2025/,ppi-20-10-2025
2025-10-17,-3.0,10,,61,https://abicom.com.br/ppi/ppi-17-10-2025/,ppi-17-10-2025
2025-10-16,-2.0,9,,62,https://abicom.com.br/ppi/ppi-16-10-2025/,ppi-16-10-2025
2025-10-15,-4.0,9,,62,https://abicom.com.br/ppi/ppi-15-10-2025/,ppi-15-10-2025
2025-10-14,-6.0,9,,62,https://abicom.com.br/ppi/ppi-14-10-2025/,ppi-14-10-2025
2025-10-13,-3.0,10,,64,https://abicom.com.br/ppi/ppi-13-10-2025/,ppi-13-10-2025
2025-10-10,-4.0,8,,66,https://abicom.com.br/ppi/ppi-10-10-2025/,ppi-10-10-2025
2025-10-09,-6.0,7,,66,https://abicom.com.br/ppi/ppi-09-10-2025/,ppi-09-10-2025
2025-10-08,-4.0,8,,66,https://abicom.com.br/ppi/ppi-08-10-2025/,ppi-08-10-2025
2025-10-07,-3.0,8,,65,https://abicom.com.br/ppi/ppi-07-10-2025/,ppi-07-10-2025
2025-10-06,-3.0,10,,65,https://abicom.com.br/ppi/ppi-06-10-2025/,ppi-06-10-2025
2025-10-03,-4.0,10,,64,https://abicom.com.br/ppi/ppi-03-10-2025/,ppi-03-10-2025
2025-10-02,-6.0,9,,65,https://abicom.com.br/ppi/ppi-02-10-2025/,ppi-02-10-2025
2025-10-01,-7.0,8,,66,https://abicom.com.br/ppi/ppi-01-10-2025/,ppi-01-10-2025
2025-09-30,-7.0,6,,67,https://abicom.com.br/ppi/ppi-30-09-2025/,ppi-30-09-2025
2025-09-29,-11.0,4,,69,https://abicom.com.br/ppi/ppi-29-09-2025/,ppi-29-09-2025
2025-09-26,-11.0,5,,69,https://abicom.com.br/ppi/ppi-26-09-2025/,ppi-26-09-2025
2025-09-25,-8.0,5,,69,https://abicom.com.br/ppi/ppi-25-09-2025/,ppi-25-09-2025
2025-09-24,-5.0,5,,68,https://abicom.com.br/ppi/ppi-24-09-2025/,ppi-24-09-2025
2025-09-23,-4.0,6,,67,https://abicom.com.br/ppi/ppi-23-09-2025/,ppi-23-09-2025
2025-09-22,-4.0,7,,66,https://abicom.com.br/ppi/ppi-22-09-2025/,ppi-22-09-2025
2025-09-19,-5.0,5,,67,https://abicom.com.br/ppi/ppi-19-09-2025/,ppi-19-09-2025
2025-09-18,-5.0,5,,67,https://abicom.com.br/ppi/ppi-18-09-2025/,ppi-18-09-2025
2025-09-17,-8.0,3,,68,https://abicom.com.br/ppi/ppi-17-09-2025/,ppi-17-09-2025
2025-09-16,-5.0,4,,66,https://abicom.com.br/ppi/ppi-16-09-2025/,ppi-16-09-2025
2025-09-15,-5.0,5,,66,https://abicom.com.br/ppi/ppi-15-09-2025/,ppi-15-09-2025
2025-09-12,-5.0,5,,66,https://abicom.com.br/ppi/ppi-12-09-2025/,ppi-12-09-2025
2025-09-11,-8.0,3,,67,https://abicom.com.br/ppi/ppi-11-09-2025/,ppi-11-09-2025
2025-09-10,-7.0,4,,66,https://abicom.com.br/ppi/ppi-10-09-2025/,ppi-10-09-2025
2025-09-09,-6.0,6,,66,https://abicom.com.br/ppi/ppi-09-09-2025/,ppi-09-09-2025
2025-09-08,-5.0,6,,67,https://abicom.com.br/ppi/ppi-08-09-2025/,ppi-08-09-2025
2025-09-05,-8.0,2,,66,https://abicom.com.br/ppi/ppi-05-09-2025/,ppi-05-09-2025
2025-09-04,-10.0,3,,66,https://abicom.com.br/ppi/ppi-04-09-2025/,ppi-04-09-2025
2025-09-03,-12.0,1,,68,https://abicom.com.br/ppi/ppi-03-09-2025/,ppi-03-09-2025
2025-09-02,-10.0,2,,69,https://abicom.com.br/ppi/ppi-02-09-2025/,ppi-02-09-2025
2025-09-01,-7.0,-1,,68,https://abicom.com.br/ppi/ppi-01-09-2025/,ppi-01-09-2025
2025-08-29,-8.0,-2,,68,https://abicom.com.br/ppi/ppi-29-08-2025/,ppi-29-08-2025
2025-08-28,-7.0,0,,67,https://abicom.com.br/ppi/ppi-28-08-2025/,ppi-28-08-2025
2025-08-27,-6.0,2,,67,https://abicom.com.br/ppi/ppi-27-08-2025/,ppi-27-08-2025
2025-08-26,-9.0,0,,67,https://abicom.com.br/ppi/ppi-26-08-2025/,ppi-26-08-2025
2025-08-25,-8.0,0,,68,https://abicom.com.br/ppi/ppi-25-08-2025/,ppi-25-08-2025
2025-08-22,-9.0,-1,,66,https://abicom.com.br/ppi/ppi-22-08-2025/,ppi-22-08-2025
2025-08-21,-5.0,0,,66,https://abicom.com.br/ppi/ppi-21-08-2025/,ppi-21-08-2025
2025-08-20,-4.0,2,,66,https://abicom.com.br/ppi/ppi-20-08-2025/,ppi-20-08-2025
2025-08-19,-2.0,3,,66,https://abicom.com.br/ppi/ppi-19-08-2025/,ppi-19-08-2025
2025-08-18,-1.0,5,,66,https://abicom.com.br/ppi/ppi-18-08-2025/,ppi-18-08-2025
2025-08-15,-2.0,3,,67,https://abicom.com.br/ppi/ppi-15-08-2025/,ppi-15-08-2025
2025-08-14,-2.0,5,,66,https://abicom.com.br/ppi/ppi-14-08-2025/,ppi-14-08-2025
2025-08-13,-2.0,5,,66,https://abicom.com.br/ppi/ppi-13-08-2025/,ppi-13-08-2025
2025-08-12,-6.0,5,,66,https://abicom.com.br/ppi/ppi-12-08-2025/,ppi-12-08-2025
2025-08-11,-5.0,5,,66,https://abicom.com.br/ppi/ppi-11-08-2025/,ppi-11-08-2025
2025-08-08,-5.0,4,,66,https://abicom.com.br/ppi/ppi-08-08-2025/,ppi-08-08-2025
2025-08-07,-5.0,4,,67,https://abicom.com.br/ppi/ppi-07-08-2025/,ppi-07-08-2025
2025-08-06,-5.0,4,,68,https://abicom.com.br/ppi/ppi-06-08-2025/,ppi-06-08-2025
2025-08-05,-8.0,3,,68,https://abicom.com.br/ppi/ppi-05-08-2025/,ppi-05-08-2025
2025-08-04,-8.0,2,,68,https://abicom.com.br/ppi/ppi-04-08-2025/,ppi-04-08-2025
2025-08-01,-12.0,-3,,71,https://abicom.com.br/ppi/ppi-01-08-2025/,ppi-01-08-2025
2025-07-31,-13.0,-6,,73,https://abicom.com.br/ppi/ppi-31-07-2025/,ppi-31-07-2025
2025-07-30,-15.0,-3,,72,https://abicom.com.br/ppi/ppi-30-07-2025/,ppi-30-07-2025
2025-07-29,-13.0,1,,70,https://abicom.com.br/ppi/ppi-29-07-2025/,ppi-29-07-2025
2025-07-28,-11.0,4,,69,https://abicom.com.br/ppi/ppi-28-07-2025/,ppi-28-07-2025
2025-07-25,-11.0,4,,69,https://abicom.com.br/ppi/ppi-25-07-2025/,ppi-25-07-2025
2025-07-24,-13.0,3,,69,https://abicom.com.br/ppi/ppi-24-07-2025/,ppi-24-07-2025
2025-07-23,-14.0,4,,68,https://abicom.com.br/ppi/ppi-23-07-2025/,ppi-23-07-2025
2025-07-22,-16.0,2,,69,https://abicom.com.br/ppi/ppi-22-07-2025/,ppi-22-07-2025
2025-07-21,-13.0,1,,69,https://abicom.com.br/ppi/ppi-21-07-2025/,ppi-21-07-2025
2025-07-18,-14.0,0,,70,https://abicom.com.br/ppi/ppi-18-07-2025/,ppi-18-07-2025
2025-07-17,-12.0,1,,69,https://abicom.com.br/ppi/ppi-17-07-2025/,ppi-17-07-2025
2025-07-16,-12.0,0,,68,https://abicom.com.br/ppi/ppi-16-07-2025/,ppi-16-07-2025
2025-07-15,-12.0,0,,69,https://abicom.com.br/ppi/ppi-15-07-2025/,ppi-15-07-2025
2025-07-14,-15.0,-1,,71,https://abicom.com.br/ppi/ppi-14-07-2025/,ppi-14-07-2025
2025-07-11,-11.0,1,,69,https://abicom.com.br/ppi/ppi-11-07-2025/,ppi-11-07-2025
2025-07-10,-12.0,1,,70,https://abicom.com.br/ppi/ppi-10-07-2025/,ppi-10-07-2025
2025-07-09,-14.0,2,,70,https://abicom.com.br/ppi/ppi-09-07-2025/,ppi-09-07-2025
2025-07-08,-13.0,3,,69,https://abicom.com.br/ppi/ppi-08-07-2025/,ppi-08-07-2025
2025-07-07,-11.0,5,,69,https://abicom.com.br/ppi/ppi-07-07-2025/,ppi-07-07-2025
2025-07-04,-10.0,6,,67,https://abicom.com.br/ppi/ppi-04-07-2025/,ppi-04-07-2025
2025-07-03,-13.0,5,,69,https://abicom.com.br/ppi/ppi-03-07-2025/,ppi-03-07-2025
2025-07-02,-9.0,6,,68,https://abicom.com.br/ppi/ppi-02-07-2025/,ppi-02-07-2025
2025-07-01,-10.0,7,,67,https://abicom.com.br/ppi/ppi-01-07-2025/,ppi-01-07-2025
2025-06-30,-9.0,5,,68,https://abicom.com.br/ppi/ppi-30-06-2025/,ppi-30-06-2025
2025-06-27,-13.0,4,,68,https://abicom.com.br/ppi/ppi-27-06-2025/,ppi-27-06-2025
2025-06-26,-11.0,5,,68,https://abicom.com.br/ppi/ppi-26-06-2025/,ppi-26-06-2025
2025-06-25,-9.0,5,,68,https://abicom.com.br/ppi/ppi-25-06-2025/,ppi-25-06-2025
2025-06-24,-11.0,-3,,69,https://abicom.com.br/ppi/ppi-24-06-2025/,ppi-24-06-2025
2025-06-23,-18.0,-9,,78,https://abicom.com.br/ppi/ppi-23-06-2025/,ppi-23-06-2025
2025-06-20,-17.0,-7,,77,https://abicom.com.br/ppi/ppi-20-06-205/,ppi-20-06-205
2025-06-18,-17.0,-6,,75,https://abicom.com.br/ppi/ppi-18-06-2025/,ppi-18-06-2025
2025-06-17,-12.0,-4,,74,https://abicom.com.br/ppi/ppi-17-06-2025/,ppi-17-06-2025
2025-06-16,-12.0,-5,,74,https://abicom.com.br/ppi/ppi-16-06-2025/,ppi-16-06-2025
2025-06-13,-10.0,-6,,69,https://abicom.com.br/ppi/ppi-13-06-2025/,ppi-13-06-2025
2025-06-12,-4.0,-1,,69,https://abicom.com.br/ppi/ppi-12-06-2025/,ppi-12-06-2025
2025-06-11,-2.0,3,,68,https://abicom.com.br/ppi/ppi-11-06-2025/,ppi-11-06-2025
2025-06-10,-2.0,2,,67,https://abicom.com.br/ppi/ppi-10-06-2025/,ppi-10-06-2025
2025-06-09,-2.0,2,,67,https://abicom.com.br/ppi/ppi-09-06-2025/,ppi-09-06-2025
2025-06-06,0.0,2,,65,https://abicom.com.br/ppi/ppi-06-06-2025/,ppi-06-06-2025
2025-06-05,0.0,1,,65,https://abicom.com.br/ppi/ppi-05-06-2025/,ppi-05-06-2025
2025-06-04,-2.0,-2,,65,https://abicom.com.br/ppi/ppi-04-06-2025/,ppi-04-06-2025
2025-06-03,-1.0,-2,,65,https://abicom.com.br/ppi/ppi-03-06-2025/,ppi-03-06-2025
2025-06-02,1.0,2,,65,https://abicom.com.br/ppi/ppi-02-06-2025/,ppi-02-06-2025
2025-05-30,1.0,2,,65,https://abicom.com.br/ppi/ppi-30-05-2025/,ppi-30-05-2025
2025-05-29,-2.0,0,,64,https://abicom.com.br/ppi/ppi-29-05-2025/,ppi-29-05-2025
2025-05-28,0.0,1,,64,https://abicom.com.br/ppi/ppi-28-05-2025/,ppi-28-05-2025
2025-05-27,-1.0,-1,,64,https://abicom.com.br/ppi/ppi-27-05-2025/,ppi-27-05-2025
2025-05-26,-1.0,-1,,64,https://abicom.com.br/ppi/ppi-26-05-2025/,ppi-26-05-2025
2025-05-23,-1.0,-1,,64,https://abicom.com.br/ppi/ppi-23-05-2025/,ppi-23-05-2025
2025-05-22,-2.0,-2,,64,https://abicom.com.br/ppi/ppi-22-05-2025/,ppi-22-05-2025
2025-05-21,-2.0,-2,,66,https://abicom.com.br/ppi/ppi-21-05-2025/,ppi-21-05-2025
2025-05-20,-2.0,0,,65,https://abicom.com.br/ppi/ppi-20-05-2025/,ppi-20-05-2025
2025-05-19,-3.0,-1,,65,https://abicom.com.br/ppi/ppi-19-05-2025/,ppi-19-05-2025
2025-05-16,-3.0,2,,64,https://abicom.com.br/ppi/ppi-16-05-2025/,ppi-16-05-2025
2025-05-15,-5.0,1,,64,https://abicom.com.br/ppi/ppi-15-05-2025/,ppi-15-05-2025
2025-05-14,-3.0,1,,66,https://abicom.com.br/ppi/ppi-14-05-2025/,ppi-14-05-2025
2025-05-13,-2.0,2,,64,https://abicom.com.br/ppi/ppi-13-05-2025/,ppi-13-05-2025
2025-05-12,1.0,3,,66,https://abicom.com.br/ppi/ppi-12-05-2025/,ppi-12-05-2025
2025-05-09,2.0,4,,64,https://abicom.com.br/ppi/ppi-09-05-2025/,ppi-09-05-2025
2025-05-08,4.0,6,,61,https://abicom.com.br/ppi/ppi-08-05-2025/,ppi-08-05-2025
2025-05-07,4.0,5,,62,https://abicom.com.br/ppi/ppi-07-05-2025/,ppi-07-05-2025
2025-05-06,6.0,8,,62,https://abicom.com.br/ppi/ppi-06-05-2025/,ppi-06-05-2025
2025-05-05,9.0,9,,61,https://abicom.com.br/ppi/ppi-05-05-2025/,ppi-05-05-2025
2025-05-02,8.0,7,,62,https://abicom.com.br/ppi/ppi-02-05-2025/,ppi-02-05-2025
2025-04-30,3.0,5,,63,https://abicom.com.br/ppi/ppi-30-04-2025/,ppi-30-04-2025
2025-04-29,0.0,3,,65,https://abicom.com.br/ppi/ppi-29-04-2025/,ppi-29-04-2025
2025-04-28,0.0,2,,66,https://abicom.com.br/ppi/ppi-28-04-2025/,ppi-28-04-2025
2025-04-25,1.0,3,,66,https://abicom.com.br/ppi/ppi-25-04-2025/,ppi-25-04-2025
2025-04-24,2.0,4,,67,https://abicom.com.br/ppi/ppi-24-04-2025/,ppi-24-04-2025
2025-04-23,0.0,2,,68,https://abicom.com.br/ppi/ppi-23-04-2025/,ppi-23-04-2025
2025-04-22,-1.0,2,,66,https://abicom.com.br/ppi/ppi-22-04-2025/,ppi-22-04-2025
2025-04-17,2.0,3,,64,https://abicom.com.br/ppi/ppi-17-04-2025/,ppi-17-04-2025
2025-04-16,4.0,2,,65,https://abicom.com.br/ppi/ppi-16-04-2025/,ppi-16-04-2025
2025-04-15,4.0,3,,64,https://abicom.com.br/ppi/ppi-15-04-2025/,ppi-15-04-2025
2025-04-14,4.0,4,,65,https://abicom.com.br/ppi/ppi-14-04-2025/,ppi-14-04-2025
2025-04-11,3.0,5,,66,https://abicom.com.br/ppi/ppi-11-04-2025/,ppi-11-04-2025
2025-04-10,-4.0,-5,,66,https://abicom.com.br/ppi/ppi-10-04-2025/,ppi-10-04-2025
2025-04-09,4.0,5,,60,https://abicom.com.br/ppi/ppi-09-04-2025/,ppi-09-04-2025
2025-04-08,4.0,5,,64,https://abicom.com.br/ppi/ppi-08-04-2025/,ppi-08-04-2025
2025-04-07,5.0,5,,64,https://abicom.com.br/ppi/ppi-07-04-2025/,ppi-07-04-2025
2025-04-04,3.0,3,,68,https://abicom.com.br/ppi/ppi-04-04-2025/,ppi-04-04-2025
2025-04-03,-1.0,-1,,73,https://abicom.com.br/ppi/ppi-03-04-2025/,ppi-03-04-2025
2025-04-02,-4.0,-4,,75,https://abicom.com.br/ppi/ppi-02-04-2025/,ppi-02-04-2025
2025-04-01,-6.0,-3,,75,https://abicom.com.br/ppi/ppi-01-04-2025/,ppi-01-04-2025
2025-03-31,1.0,-2,,74,https://abicom.com.br/ppi/ppi-31-03-2025/,ppi-31-03-2025
2025-03-28,-1.0,-1,,73,https://abicom.com.br/ppi/ppi-28-03-2025/,ppi-28-03-2025
2025-03-27,0.0,0,,73,https://abicom.com.br/ppi/ppi-27-03-2025/,ppi-27-03-2025
2025-03-26,1.0,1,,73,https://abicom.com.br/ppi/ppi-26-03-2025/,ppi-26-03-2025
2025-03-25,1.0,0,,73,https://abicom.com.br/ppi/ppi-25-03-2025/,ppi-25-03-2025
2025-03-24,1.0,1,,72,https://abicom.com.br/ppi/ppi-24-03-2025/,ppi-24-03-2025
2024-03-21,-10.0,-17,,86,https://abicom.com.br/ppi/ppi-21-03-2024/,ppi-21-03-2024
2025-03-20,3.0,3,,70,https://abicom.com.br/ppi/ppi-20-03-2025/,ppi-20-03-2025
2025-03-19,6.0,3,,70,https://abicom.com.br/ppi/ppi-19-03-2025/,ppi-19-03-2025
2025-03-18,5.0,2,,72,https://abicom.com.br/ppi/ppi-18-03-2025/,ppi-18-03-2025
2025-03-17,6.0,3,,71,https://abicom.com.br/ppi/ppi-17-03-2025/,ppi-17-03-2025
2025-03-14,5.0,3,,70,https://abicom.com.br/ppi/ppi-14-03-2025/,ppi-14-03-2025
2025-03-13,3.0,1,,70,https://abicom.com.br/ppi/ppi-13-03-2025/,ppi-13-03-2025
2025-03-12,4.0,4,,70,https://abicom.com.br/ppi/ppi-12-03-2025/,ppi-12-03-2025
2025-03-11,4.0,6,,70,https://abicom.com.br/ppi/ppi-11-03-2025/,ppi-11-03-2025
2025-03-10,4.0,5,,70,https://abicom.com.br/ppi/ppi-10-03-2025/,ppi-10-03-2025
2025-03-07,4.0,6,,70,https://abicom.com.br/ppi/ppi-07-03-2025/,ppi-07-03-2025
2025-03-06,2.0,3,,69,https://abicom.com.br/ppi/ppi-06-03-2025/,ppi-06-03-2025
2025-03-05,-1.0,0,,71,https://abicom.com.br/ppi/ppi-05-03-2025/,ppi-05-03-2025
2025-02-28,-4.0,0,,73,https://abicom.com.br/ppi/ppi-28-02-2025/,ppi-28-02-2025
2025-02-27,-1.0,3,,72,https://abicom.com.br/ppi/ppi-27-02-2025/,ppi-27-02-2025
2025-02-26,-3.0,2,,73,https://abicom.com.br/ppi/ppi-26-02-2025/,ppi-26-02-2025
2025-05-25,-4.0,1,,75,https://abicom.com.br/ppi/ppi-25-05-2025/,ppi-25-05-2025
2025-02-24,-4.0,0,,74,https://abicom.com.br/ppi/ppi-24-02-2025/,ppi-24-02-2025
2025-02-21,-7.0,-3,,76,https://abicom.com.br/ppi/ppi-21-02-2025/,ppi-21-02-2025
2025-02-20,-4.0,-3,,76,https://abicom.com.br/ppi/ppi-20-02-2025/,ppi-20-02-2025
2025-02-19,-4.0,-3,,76,https://abicom.com.br/ppi/ppi-19-02-2025/,ppi-19-02-2025
2025-02-18,-4.0,-3,,75,https://abicom.com.br/ppi/ppi-18-02-2025/,ppi-18-02-2025
2025-02-17,-5.0,-3,,74,https://abicom.com.br/ppi/ppi-17-02-2025/,ppi-17-02-2025
2025-02-14,-5.0,-5,,75,https://abicom.com.br/ppi/ppi-14-02-2025/,ppi-14-02-2025
2025-02-13,-5.0,-4,,76,https://abicom.com.br/ppi/ppi-13-02-2025/,ppi-13-02-2025
2025-02-12,-9.0,-7,,76,https://abicom.com.br/ppi/ppi-12-02-2025/,ppi-12-02-2025
2025-02-11,-6.0,-5,,76,https://abicom.com.br/ppi/ppi-11-02-2025/,ppi-11-02-2025
2025-02-10,-5.0,-5,,75,https://abicom.com.br/ppi/ppi-10-02-2025/,ppi-10-02-2025
2025-02-07,-4.0,-4,,75,https://abicom.com.br/ppi/ppi-07-02-2025/,ppi-07-02-2025
2025-02-06,-4.0,-5,,75,https://abicom.com.br/ppi/ppi-06-02-2025/,ppi-06-02-2025
2025-02-05,-5.0,-5,,75,https://abicom.com.br/ppi/ppi-05-02-2025/,ppi-05-02-2025
2025-02-04,-8.0,-7,,77,https://abicom.com.br/ppi/ppi-04-02-2025/,ppi-04-02-2025
2025-02-03,-9.0,-3,,77,https://abicom.com.br/ppi/ppi-03-02-2025/,ppi-03-02-2025
2025-01-31,-15.0,-6,,76,https://abicom.com.br/ppi/ppi-31-01-2025/,ppi-31-01-2025
2025-01-30,-14.0,-6,,76,https://abicom.com.br/ppi/ppi-30-01-2025/,ppi-30-01-2025
2025-01-29,-13.0,-7,,77,https://abicom.com.br/ppi/ppi-29-01-2025/,ppi-29-01-2025
2025-01-28,-14.0,-6,,77,https://abicom.com.br/ppi/ppi-28-01-2025/,ppi-28-01-2025
2025-01-27,-16.0,-7,,78,https://abicom.com.br/ppi/ppi-27-01-2025/,ppi-27-01-2025
2025-01-24,-15.0,-8,,78,https://abicom.com.br/ppi/ppi-24-01-2025/,ppi-24-01-2025
2025-01-23,-16.0,-7,,79,https://abicom.com.br/ppi/ppi-23-01-2025/,ppi-23-01-2025
2025-01-22,-21.0,-11,,79,https://abicom.com.br/ppi/ppi-22-01-2025/,ppi-22-01-2025
2025-01-21,-24.0,-12,,79,https://abicom.com.br/ppi/ppi-21-01-2025/,ppi-21-01-2025
2025-01-20,-25.0,-13,,81,https://abicom.com.br/ppi/ppi-20-01-2025/,ppi-20-01-2025
2025-01-17,-25.0,-13,,81,https://abicom.com.br/ppi/ppi-17-01-2025/,ppi-17-01-2025
2025-01-16,-24.0,-15,,82,https://abicom.com.br/ppi/ppi-16-01-2025/,ppi-16-01-2025
2024-01-15,-5.0,0,,78,https://abicom.com.br/ppi/ppi-15-01-2024/,ppi-15-01-2024
2025-01-14,-22.0,-13,,81,https://abicom.com.br/ppi/ppi-14-01-2025/,ppi-14-01-2025
2025-01-13,-21.0,-12,,80,https://abicom.com.br/ppi/ppi-13-01-2025/,ppi-13-01-2025
2025-01-10,-15.0,-9,,76,https://abicom.com.br/ppi/ppi-10-01-2025/,ppi-10-01-2025
2025-01-09,-14.0,-9,,76,https://abicom.com.br/ppi/ppi-09-01-2025/,ppi-09-01-2025
2025-01-08,-14.0,-10,,77,https://abicom.com.br/ppi/ppi-08-01-2025/,ppi-08-01-2025
2025-01-07,-14.0,-10,,76,https://abicom.com.br/ppi/ppi-07-01-2025/,ppi-07-01-2025
2025-01-06,-16.0,-12,,76,https://abicom.com.br/ppi/ppi-06-01-2025/,ppi-06-01-2025
2025-01-03,-17.0,-12,,76,https://abicom.com.br/ppi/ppi-03-01-2025/,ppi-03-01-2025
2025-01-02,-16.0,-9,,75,https://abicom.com.br/ppi/ppi-02-01-2025/,ppi-02-01-2025
2024-12-30,-11.0,-6,,74,https://abicom.com.br/ppi/ppi-30-12-2024/,ppi-30-12-2024
2024-12-27,-11.0,-6,,73,https://abicom.com.br/ppi/ppi-27-12-2024/,ppi-27-12-2024
2024-12-26,-11.0,-6,,74,https://abicom.com.br/ppi/ppi-26-12-2024/,ppi-26-12-2024
2024-12-23,-14.0,-4,,73,https://abicom.com.br/ppi/ppi-23-12-2024/,ppi-23-12-2024
2024-12-20,-14.0,-5,,72,https://abicom.com.br/ppi/ppi-20-12-2024/,ppi-20-12-2024
2024-12-19,-14.0,-5,,73,https://abicom.com.br/ppi/ppi-19-12-2024/,ppi-19-12-2024
2024-12-18,-13.0,-6,,73,https://abicom.com.br/ppi/ppi-18-12-2024/,ppi-18-12-2024
2024-12-17,-12.0,-9,,74,https://abicom.com.br/ppi/ppi-17-12-2024/,ppi-17-12-2024
2024-12-16,-12.0,-7,,74,https://abicom.com.br/ppi/ppi-16-12-2024/,ppi-16-12-2024
2024-12-13,-9.0,-5,,73,https://abicom.com.br/ppi/ppi-13-12-2024/,ppi-13-12-2024
2024-12-12,-11.0,-6,,73,https://abicom.com.br/ppi/ppi-12-12-2024/,ppi-12-12-2024
2024-12-11,-9.0,-5,,72,https://abicom.com.br/ppi/ppi-11-12-2024/,ppi-11-12-2024
2024-12-10,-8.0,-5,,72,https://abicom.com.br/ppi/ppi-10-12-2024/,ppi-10-12-2024
2024-12-09,-6.0,-3,,71,https://abicom.com.br/ppi/ppi-09-12-2024/,ppi-09-12-2024
2024-12-06,-6.0,-3,,72,https://abicom.com.br/ppi/ppi-06-12-2024/,ppi-06-12-2024
2024-12-05,-7.0,-5,,72,https://abicom.com.br/ppi/ppi-05-12-2024/,ppi-05-12-2024
2024-12-04,-9.0,-6,,74,https://abicom.com.br/ppi/ppi-04-12-2024/,ppi-04-12-2024
2024-12-03,-7.0,-4,,72,https://abicom.com.br/ppi/ppi-03-12-2024/,ppi-03-12-2024
2024-12-02,-8.0,-5,,72,https://abicom.com.br/ppi/ppi-02-12-2024/,ppi-02-12-2024
2024-11-29,-8.0,-5,,73,https://abicom.com.br/ppi/ppi-29-11-2024/,ppi-29-11-2024
2024-11-28,-5.0,-3,,73,https://abicom.com.br/ppi/ppi-28-11-2024/,ppi-28-11-2024
2024-11-27,-6.0,-3,,72,https://abicom.com.br/ppi/ppi-27-11-2024/,ppi-27-11-2024
2024-11-26,-6.0,-4,,73,https://abicom.com.br/ppi/ppi-26-11-2024/,ppi-26-11-2024
2024-11-25,-8.0,-7,,75,https://abicom.com.br/ppi/ppi-25-11-2024/,ppi-25-11-2024
2024-11-22,-8.0,-7,,74,https://abicom.com.br/ppi/ppi-22-11-2024/,ppi-22-11-2024
2024-11-21,-6.0,-5,,73,https://abicom.com.br/ppi/ppi-21-11-2024/,ppi-21-11-2024
2024-11-19,-6.0,-4,,73,https://abicom.com.br/ppi/ppi-19-11-2024/,ppi-19-11-2024
2024-11-18,-3.0,0,,71,https://abicom.com.br/ppi/ppi-18-11-2024/,ppi-18-11-2024
2024-11-14,-3.0,0,,72,https://abicom.com.br/ppi/ppi-14-11-2024/,ppi-14-11-2024
2024-11-13,-3.0,-1,,72,https://abicom.com.br/ppi/ppi-13-11-2024/,ppi-13-11-2024
2024-11-12,-2.0,-1,,71,https://abicom.com.br/ppi/ppi-12-11-2024/,ppi-12-11-2024
2024-11-11,-4.0,-3,,74,https://abicom.com.br/ppi/ppi-11-11-2024/,ppi-11-11-2024
2024-11-08,-5.0,-4,,76,https://abicom.com.br/ppi/ppi-08-11-2024/,ppi-08-11-2024
2024-11-07,-6.0,-4,,75,https://abicom.com.br/ppi/ppi-07-11-2024/,ppi-07-11-2024
2024-11-06,-9.0,-6,,75,https://abicom.com.br/ppi/ppi-06-11-2024/,ppi-06-11-2024
2024-11-05,-8.0,-5,,75,https://abicom.com.br/ppi/ppi-05-11-2024/,ppi-05-11-2024
2024-11-04,-6.0,-3,,71,https://abicom.com.br/ppi/ppi-04-11-2024/,ppi-04-11-2024
2024-11-01,-5.0,-6,,74,https://abicom.com.br/ppi/ppi-01-11-2024/,ppi-01-11-2024
2024-10-31,-4.0,-4,,71,https://abicom.com.br/ppi/ppi-31-10-2024/,ppi-31-10-2024
2024-10-30,1.0,-2,,71,https://abicom.com.br/ppi/ppi-30-10-2024/,ppi-30-10-2024
2024-10-29,1.0,-2,,71,https://abicom.com.br/ppi/ppi-29-10-2024/,ppi-29-10-2024
2024-10-28,-3.0,-8,,74,https://abicom.com.br/ppi/ppi-28-10-2024/,ppi-28-10-2024
2024-10-25,-2.0,-6,,74,https://abicom.com.br/ppi/ppi-25-10-2024/,ppi-25-10-2024
2024-10-24,-3.0,-7,,73,https://abicom.com.br/ppi/ppi-24-10-2024/,ppi-24-10-2024
2024-10-23,-3.0,-8,,74,https://abicom.com.br/ppi/ppi-23-10-2024/,ppi-23-10-2024
2024-10-22,-1.0,-5,,74,https://abicom.com.br/ppi/ppi-22-10-2024/,ppi-22-10-2024
2024-10-21,1.0,-4,,73,https://abicom.com.br/ppi/ppi-21-10-2024/,ppi-21-10-2024
2024-10-18,-1.0,-6,,74,https://abicom.com.br/ppi/ppi-18-10-2024/,ppi-18-10-2024
2024-10-17,0.0,-6,,74,https://abicom.com.br/ppi/ppi-17-10-2024/,ppi-17-10-2024
2024-10-16,0.0,-5,,74,https://abicom.com.br/ppi/ppi-16-10-2024/,ppi-16-10-2024
2024-10-15,-2.0,-6,,75,https://abicom.com.br/ppi/ppi-15-10-2024/,ppi-15-10-2024
2024-10-14,-9.0,-10,,79,https://abicom.com.br/ppi/ppi-14-10-2024/,ppi-14-10-2024
2024-10-11,-8.0,-9,,79,https://abicom.com.br/ppi/ppi-11-10-2024/,ppi-11-10-2024
2024-10-10,-5.0,-5,,77,https://abicom.com.br/ppi/ppi-10-10-2024/,ppi-10-10-2024
2024-10-09,-6.0,-4,,77,https://abicom.com.br/ppi/ppi-09-10-2024/,ppi-09-10-2024
2024-10-08,-8.0,-7,,81,https://abicom.com.br/ppi/ppi-08-10-2024/,ppi-08-10-2024
2024-10-07,-5.0,-5,,78,https://abicom.com.br/ppi/ppi-07-10-2024/,ppi-07-10-2024
2024-10-04,-4.0,-5,,78,https://abicom.com.br/ppi/ppi-04-10-2024/,ppi-04-10-2024
2024-10-03,1.0,0,,74,https://abicom.com.br/ppi/ppi-03-10-2024/,ppi-03-10-2024
2024-10-02,2.0,4,,72,https://abicom.com.br/ppi/ppi-02-10-2024/,ppi-02-10-2024
2024-10-01,5.0,6,,72,https://abicom.com.br/ppi/ppi-01-10-2024/,ppi-01-10-2024
2024-09-30,5.0,6,,72,https://abicom.com.br/ppi/ppi-30-09-2024/,ppi-30-09-2024
2024-09-27,5.0,6,,72,https://abicom.com.br/ppi/ppi-27-09-2024/,ppi-27-09-2024
2024-09-26,4.0,4,,73,https://abicom.com.br/ppi/ppi-26-09-2024/,ppi-26-09-2024
2024-09-25,2.0,2,,75,https://abicom.com.br/ppi/ppi-25-09-2024/,ppi-25-09-2024
2024-09-24,2.0,3,,74,https://abicom.com.br/ppi/ppi-24-09-2024/,ppi-24-09-2024
2024-09-23,2.0,3,,74,https://abicom.com.br/ppi/ppi-23-09-2024/,ppi-23-09-2024
2024-09-20,3.0,2,,75,https://abicom.com.br/ppi/ppi-20-09-2024/,ppi-20-09-2024
2024-09-19,3.0,3,,74,https://abicom.com.br/ppi/ppi-19-09-2024/,ppi-19-09-2024
2024-09-18,3.0,2,,74,https://abicom.com.br/ppi/ppi-18-09-2024/,ppi-18-09-2024
2024-09-17,4.0,3,,73,https://abicom.com.br/ppi/ppi-17-09-2024/,ppi-17-09-2024
2024-09-16,4.0,4,,72,https://abicom.com.br/ppi/ppi-16-09-2024/,ppi-16-09-2024
2024-09-13,1.0,3,,72,https://abicom.com.br/ppi/ppi-13-09-2024/,ppi-13-09-2024
2024-09-12,3.0,5,,71,https://abicom.com.br/ppi/ppi-12-09-2024/,ppi-12-09-2024
2024-09-11,5.0,7,,69,https://abicom.com.br/ppi/ppi-11-09-2024/,ppi-11-09-2024
2024-09-10,2.0,5,,71,https://abicom.com.br/ppi/ppi-10-09-2024/,ppi-10-09-2024
2024-09-09,4.0,7,,71,https://abicom.com.br/ppi/ppi-09-09-2024/,ppi-09-09-2024
2024-09-06,1.0,5,,73,https://abicom.com.br/ppi/ppi-06-09-2024/,ppi-06-09-2024
2024-09-05,1.0,3,,73,https://abicom.com.br/ppi/ppi-05-09-2024/,ppi-05-09-2024
2024-09-04,-1.0,2,,74,https://abicom.com.br/ppi/ppi-04-09-2024/,ppi-04-09-2024
2024-09-03,-4.0,-1,,76,https://abicom.com.br/ppi/ppi-03-09-2024/,ppi-03-09-2024
2024-09-02,-4.0,1,,78,https://abicom.com.br/ppi/ppi-02-09-2024/,ppi-02-09-2024
2024-08-30,-5.0,0,,80,https://abicom.com.br/ppi/ppi-30-08-2024/,ppi-30-08-2024
2024-08-29,-1.0,3,,79,https://abicom.com.br/ppi/ppi-29-08-2024/,ppi-29-08-2024
2024-08-28,-2.0,2,,79,https://abicom.com.br/ppi/ppi-28-08-2024/,ppi-28-08-2024
2024-08-27,-6.0,1,,81,https://abicom.com.br/ppi/ppi-27-08-2024/,ppi-27-08-2024
2024-08-26,-4.0,0,,75,https://abicom.com.br/ppi/ppi-26-08-2024/,ppi-26-08-2024
2024-08-23,-4.0,2,,78,https://abicom.com.br/ppi/ppi-23-08-2024/,ppi-23-08-2024
2024-08-22,-1.0,5,,76,https://abicom.com.br/ppi/ppi-22-08-2024/,ppi-22-08-2024
2024-08-21,-1.0,4,,77,https://abicom.com.br/ppi/ppi-21-08-2024/,ppi-21-08-2024
2024-08-20,0.0,4,,77,https://abicom.com.br/ppi/ppi-20-08-2024/,ppi-20-08-2024
2024-08-19,-3.0,1,,79,https://abicom.com.br/ppi/ppi-19-08-2024/,ppi-19-08-2024
2024-08-16,-5.0,-2,,81,https://abicom.com.br/ppi/ppi-16-08-2024/,ppi-16-08-2024
2024-08-15,-5.0,0,,80,https://abicom.com.br/ppi/ppi-15-08-2024/,ppi-15-08-2024
2024-08-14,-7.0,-3,,81,https://abicom.com.br/ppi/ppi-14-08-2024/,ppi-14-08-2024
2024-08-13,-7.0,-6,,82,https://abicom.com.br/ppi/ppi-13-08-2024/,ppi-13-08-2024
2024-08-12,-5.0,-4,,79,https://abicom.com.br/ppi/ppi-12-08-2024/,ppi-12-08-2024
2024-08-09,-8.0,-6,,79,https://abicom.com.br/ppi/ppi-09-08-2024/,ppi-09-08-2024
2024-08-08,-8.0,-4,,78,https://abicom.com.br/ppi/ppi-08-08-2024/,ppi-08-08-2024
2024-08-07,-6.0,-2,,76,https://abicom.com.br/ppi/ppi-07-08-2024/,ppi-07-08-2024
2024-08-06,-8.0,-5,,77,https://abicom.com.br/ppi/ppi-06-08-2024/,ppi-06-08-2024
2024-08-05,-8.0,-4,,77,https://abicom.com.br/ppi/ppi-05-08-2024/,ppi-05-08-2024
2024-08-02,-11.0,-7,,80,https://abicom.com.br/ppi/ppi-02-08-2024/,ppi-02-08-2024
2024-08-01,-11.0,-11,,81,https://abicom.com.br/ppi/ppi-01-08-2024/,ppi-01-08-2024
2024-07-31,-8.0,-7,,79,https://abicom.com.br/ppi/ppi-31-07-2024/,ppi-31-07-2024
2024-07-30,-9.0,-8,,79,https://abicom.com.br/ppi/ppi-30-07-2024/,ppi-30-07-2024
2024-07-29,-11.0,-10,,80,https://abicom.com.br/ppi/ppi-29-07-2024/,ppi-29-07-2024
2024-07-26,-12.0,-9,,81,https://abicom.com.br/ppi/ppi-26-07-2024/,ppi-26-07-2024
2024-07-25,-11.0,-8,,81,https://abicom.com.br/ppi/ppi-25-07-2024/,ppi-25-07-2024
2024-07-24,-9.0,-6,,81,https://abicom.com.br/ppi/ppi-24-07-2024/,ppi-24-07-2024
2024-07-23,-9.0,-8,,82,https://abicom.com.br/ppi/ppi-23-07-2024/,ppi-23-07-2024
2024-07-22,-8.0,-7,,82,https://abicom.com.br/ppi/ppi-22-07-2024/,ppi-22-07-2024
2024-07-19,-11.0,-10,,85,https://abicom.com.br/ppi/ppi-19-07-2024/,ppi-19-07-2024
2024-07-18,-10.0,-7,,85,https://abicom.com.br/ppi/ppi-18-07-2024/,ppi-18-07-2024
2024-07-17,-9.0,-6,,83,https://abicom.com.br/ppi/ppi-17-07-2024/,ppi-17-07-2024
2024-07-16,-11.0,-7,,84,https://abicom.com.br/ppi/ppi-16-07-2024/,ppi-16-07-2024
2024-07-15,-10.0,-8,,85,https://abicom.com.br/ppi/ppi-15-07-2024/,ppi-15-07-2024
2024-07-12,-10.0,-9,,85,https://abicom.com.br/ppi/ppi-12-07-2024/,ppi-12-07-2024
2024-07-11,-10.0,-7,,84,https://abicom.com.br/ppi/ppi-11-07-2024/,ppi-11-07-2024
2024-07-10,-9.0,-8,,85,https://abicom.com.br/ppi/ppi-10-07-2024/,ppi-10-07-2024
2024-07-09,-12.0,-9,,86,https://abicom.com.br/ppi/ppi-09-07-2024/,ppi-09-07-2024
2024-07-08,-13.0,-15,,87,https://abicom.com.br/ppi/ppi-08-07-2024/,ppi-08-07-2024
2024-07-05,-14.0,-17,,87,https://abicom.com.br/ppi/ppi-05-07-2024/,ppi-05-07-2024
2024-07-04,-16.0,-18,,87,https://abicom.com.br/ppi/ppi-04-07-2024/,ppi-04-07-2024
2024-07-03,-17.0,-19,,86,https://abicom.com.br/ppi/ppi-03-07-2024/,ppi-03-07-2024
2024-07-02,-16.0,-18,,86,https://abicom.com.br/ppi/ppi-02-07-2024/,ppi-02-07-2024
2024-07-01,-13.0,-15,,84,https://abicom.com.br/ppi/ppi-01-07-2024/,ppi-01-07-2024
2024-06-28,-14.0,-15,,86,https://abicom.com.br/ppi/ppi-28-06-2024/,ppi-28-06-2024
2024-06-27,-14.0,-14,,85,https://abicom.com.br/ppi/ppi-27-06-2024/,ppi-27-06-2024
2024-06-26,-11.0,-11,,85,https://abicom.com.br/ppi/ppi-26-06-2024/,ppi-26-06-2024
2024-06-25,-11.0,-11,,86,https://abicom.com.br/ppi/ppi-25-06-2024/,ppi-25-06-2024
2024-06-24,-11.0,-12,,85,https://abicom.com.br/ppi/ppi-24-06-2024/,ppi-24-06-2024
2024-06-21,-11.0,-11,,86,https://abicom.com.br/ppi/ppi-21-06-2024/,ppi-21-06-2024
2024-06-20,-12.0,-11,,85,https://abicom.com.br/ppi/ppi-20-06-2024/,ppi-20-06-2024
2024-06-19,-11.0,-10,,85,https://abicom.com.br/ppi/ppi-19-06-2024/,ppi-19-06-2024
2024-06-18,-9.0,-9,,84,https://abicom.com.br/ppi/ppi-18-06-2024/,ppi-18-06-2024
2024-06-17,-7.0,-6,,83,https://abicom.com.br/ppi/ppi-17-06-2024/,ppi-17-06-2024
2024-06-14,-8.0,-8,,82,https://abicom.com.br/ppi/ppi-14-06-2024/,ppi-14-06-2024
2024-06-13,-7.0,-6,,82,https://abicom.com.br/ppi/ppi-13-06-2024/,ppi-13-06-2024
2024-06-12,-7.0,-7,,82,https://abicom.com.br/ppi/ppi-12-06-2024/,ppi-12-06-2024
2024-06-11,-7.0,-8,,81,https://abicom.com.br/ppi/ppi-11-06-2024/,ppi-11-06-2024
2024-06-10,-3.0,-4,,79,https://abicom.com.br/ppi/ppi-10-06-2024/,ppi-10-06-2024
2024-06-07,-3.0,-5,,80,https://abicom.com.br/ppi/ppi-07-06-2024/,ppi-07-06-2024
2024-06-06,-3.0,-3,,78,https://abicom.com.br/ppi/ppi-06-06-2024/,ppi-06-06-2024
2024-06-05,-2.0,-2,,78,https://abicom.com.br/ppi/ppi-05-06-2024/,ppi-05-06-2024
2024-06-04,-2.0,0,,78,https://abicom.com.br/ppi/ppi-04-06-2024/,ppi-04-06-2024
2024-06-03,-4.0,-5,,81,https://abicom.com.br/ppi/ppi-03-06-2024/,ppi-03-06-2024
2024-05-31,-3.0,-3,,82,https://abicom.com.br/ppi/ppi-31-05-2024/,ppi-31-05-2024
2024-05-29,-5.0,-7,,84,https://abicom.com.br/ppi/ppi-29-05-2024/,ppi-29-05-2024
2024-05-28,-3.0,-8,,83,https://abicom.com.br/ppi/ppi-28-05-2024/,ppi-28-05-2024
2024-05-27,-2.0,-5,,82,https://abicom.com.br/ppi/ppi-27-05-2024/,ppi-27-05-2024
2024-05-24,-2.0,-4,,81,https://abicom.com.br/ppi/ppi-24-05-2024/,ppi-24-05-2024
2024-05-23,-3.0,-4,,81,https://abicom.com.br/ppi/ppi-23-05-2024/,ppi-23-05-2024
2024-05-22,-3.0,-5,,82,https://abicom.com.br/ppi/ppi-22-05-2024/,ppi-22-05-2024
2024-05-21,-4.0,-7,,83,https://abicom.com.br/ppi/ppi-21-05-2024/,ppi-21-05-2024
2024-05-20,-4.0,-8,,84,https://abicom.com.br/ppi/ppi-20-05-2024/,ppi-20-05-2024
2024-05-17,-3.0,-7,,83,https://abicom.com.br/ppi/ppi-17-05-2024/,ppi-17-05-2024
2024-05-16,-3.0,-5,,82,https://abicom.com.br/ppi/ppi-16-05-2024/,ppi-16-05-2024
2024-05-15,-2.0,-3,,82,https://abicom.com.br/ppi/ppi-15-05-2024/,ppi-15-05-2024
2024-05-14,-3.0,-6,,83,https://abicom.com.br/ppi/ppi-14-05-2024/,ppi-14-05-2024
2024-05-13,-4.0,-5,,83,https://abicom.com.br/ppi/ppi-13-05-2024/,ppi-13-05-2024
2024-05-10,-5.0,-7,,83,https://abicom.com.br/ppi/ppi-10-05-2024/,ppi-10-05-2024
2024-05-09,-4.0,-6,,83,https://abicom.com.br/ppi/ppi-09-05-2024/,ppi-09-05-2024
2024-05-08,-2.0,-4,,83,https://abicom.com.br/ppi/ppi-08-05-2024/,ppi-08-05-2024
2024-05-07,-2.0,-7,,83,https://abicom.com.br/ppi/ppi-07-05-2024/,ppi-07-05-2024
2024-05-06,-1.0,-5,,83,https://abicom.com.br/ppi/ppi-06-05-2024/,ppi-06-05-2024
2024-05-03,-3.0,-8,,84,https://abicom.com.br/ppi/ppi-03-05-2024/,ppi-03-05-2024
2024-05-02,-3.0,-9,,83,https://abicom.com.br/ppi/ppi-02-05-2024/,ppi-02-05-2024
2024-04-30,-5.0,-14,,88,https://abicom.com.br/ppi/ppi-30-04-2024/,ppi-30-04-2024
2024-04-29,-5.0,-15,,89,https://abicom.com.br/ppi/ppi-29-04-2024/,ppi-29-04-2024
2024-04-26,-6.0,-16,,89,https://abicom.com.br/ppi/ppi-26-04-2024/,ppi-26-04-2024
2024-04-25,-6.0,-15,,88,https://abicom.com.br/ppi/ppi-25-04-2024/,ppi-25-04-2024
2024-04-24,-7.0,-14,,88,https://abicom.com.br/ppi/ppi-24-04-2024/,ppi-24-04-2024
2024-04-23,-7.0,-14,,87,https://abicom.com.br/ppi/ppi-23-04-2024/,ppi-23-04-2024
2024-04-22,-7.0,-16,,87,https://abicom.com.br/ppi/ppi-22-04-2024/,ppi-22-04-2024
2024-04-19,-7.0,-17,,87,https://abicom.com.br/ppi/ppi-19-04-2024/,ppi-19-04-2024
2024-04-18,-9.0,-18,,87,https://abicom.com.br/ppi/ppi-18-04-2024/,ppi-18-04-2024
2024-04-17,-12.0,-22,,90,https://abicom.com.br/ppi/ppi-17-04-2024/,ppi-17-04-2024
2024-04-16,-11.0,-19,,90,https://abicom.com.br/ppi/ppi-16-04-2024/,ppi-16-04-2024
2024-04-15,-12.0,-19,,90,https://abicom.com.br/ppi/ppi-15-04-2024/,ppi-15-04-2024
2024-04-12,-10.0,-17,,90,https://abicom.com.br/ppi/ppi-12-04-2024/,ppi-12-04-2024
2024-04-11,-11.0,-17,,90,https://abicom.com.br/ppi/ppi-11-04-2024/,ppi-11-04-2024
2024-04-10,-9.0,-16,,90,https://abicom.com.br/ppi/ppi-10-04-2024/,ppi-10-04-2024
2024-04-09,-11.0,-16,,90,https://abicom.com.br/ppi/ppi-09-04-2024/,ppi-09-04-2024
2024-04-08,-13.0,-18,,91,https://abicom.com.br/ppi/ppi-08-04-2024/,ppi-08-04-2024
2024-04-05,-12.0,-17,,90,https://abicom.com.br/ppi/ppi-05-04-2024/,ppi-05-04-2024
2024-04-04,-12.0,-17,,89,https://abicom.com.br/ppi/ppi-04-04-2024/,ppi-04-04-2024
2024-04-03,-11.0,-17,,89,https://abicom.com.br/ppi/ppi-03-04-2024/,ppi-03-04-2024
2024-04-02,-9.0,-16,,87,https://abicom.com.br/ppi/ppi-02-04-2024/,ppi-02-04-2024
2024-04-01,-8.0,-16,,87,https://abicom.com.br/ppi/ppi-01-04-2024/,ppi-01-04-2024
2024-03-28,-7.0,-15,,86,https://abicom.com.br/ppi/ppi-28-03-2024/,ppi-28-03-2024
2024-03-27,-8.0,-15,,86,https://abicom.com.br/ppi/ppi-27-03-2024/,ppi-27-03-2024
2024-03-26,-9.0,-17,,87,https://abicom.com.br/ppi/ppi-26-03-2024/,ppi-26-03-2024
2024-03-25,-8.0,-17,,86,https://abicom.com.br/ppi/ppi-25-03-2024/,ppi-25-03-2024
2024-03-22,-8.0,-16,,86,https://abicom.com.br/ppi/ppi-22-03-2024/,ppi-22-03-2024
2024-03-20,-12.0,-18,,87,https://abicom.com.br/ppi/ppi-20-03-2024/,ppi-20-03-2024
2024-03-19,-13.0,-18,,86,https://abicom.com.br/ppi/ppi-19-03-2024/,ppi-19-03-2024
2024-03-18,-10.0,-15,,85,https://abicom.com.br/ppi/ppi-18-03-2024/,ppi-18-03-2024
2024-03-15,-10.0,-15,,85,https://abicom.com.br/ppi/ppi-15-03-2024/,ppi-15-03-2024
2024-03-14,-10.0,-14,,84,https://abicom.com.br/ppi/ppi-14-03-2024/,ppi-14-03-2024
2024-03-13,-8.0,-11,,82,https://abicom.com.br/ppi/ppi-13-03-2024/,ppi-13-03-2024
2024-03-12,-9.0,-11,,82,https://abicom.com.br/ppi/ppi-12-03-2024/,ppi-12-03-2024
2024-03-11,-9.0,-9,,82,https://abicom.com.br/ppi/ppi-11-03-2024/,ppi-11-03-2024
2024-03-08,-10.0,-9,,83,https://abicom.com.br/ppi/ppi-08-03-2024/,ppi-08-03-2024
2024-03-07,-9.0,-9,,82,https://abicom.com.br/ppi/ppi-07-03-2024/,ppi-07-03-2024
2024-03-06,-5.0,-8,,82,https://abicom.com.br/ppi/ppi-06-03-2024/,ppi-06-03-2024
2024-03-05,-6.0,-10,,83,https://abicom.com.br/ppi/ppi-05-03-2024/,ppi-05-03-2024
2024-03-04,-8.0,-12,,83,https://abicom.com.br/ppi/ppi-04-03-2024/,ppi-04-03-2024
2024-03-01,-8.0,-1,,82,https://abicom.com.br/ppi/ppi-01-03-2024/,ppi-01-03-2024
2024-02-29,-7.0,0,,83,https://abicom.com.br/ppi/ppi-29-02-2024/,ppi-29-02-2024
2024-02-28,-10.0,-4,,83,https://abicom.com.br/ppi/ppi-28-02-2024/,ppi-28-02-2024
2024-02-27,-11.0,-3,,82,https://abicom.com.br/ppi/ppi-27-02-2024/,ppi-27-02-2024
2024-02-26,-9.0,-2,,81,https://abicom.com.br/ppi/ppi-26-02-2024/,ppi-26-02-2024
2024-02-23,-10.0,-4,,83,https://abicom.com.br/ppi/ppi-23-02-2024/,ppi-23-02-2024
2024-02-22,-8.0,-3,,83,https://abicom.com.br/ppi/ppi-22-02-2024/,ppi-22-02-2024
2024-02-21,-9.0,-3,,82,https://abicom.com.br/ppi/ppi-21-02-2024/,ppi-21-02-2024
2024-02-20,-11.0,-5,,83,https://abicom.com.br/ppi/ppi-20-02-2024/,ppi-20-02-2024
2024-02-19,-12.0,-6,,83,https://abicom.com.br/ppi/ppi-19-02-2024/,ppi-19-02-2024
2024-02-16,-12.0,-5,,83,https://abicom.com.br/ppi/ppi-16-02-2024/,ppi-16-02-2024
2024-02-15,-11.0,-5,,81,https://abicom.com.br/ppi/ppi-15-02-2024/,ppi-15-02-2024
2024-02-14,-13.0,-9,,83,https://abicom.com.br/ppi/ppi-14-02-2024/,ppi-14-02-2024
2024-02-09,-13.0,-7,,82,https://abicom.com.br/ppi/ppi-09-02-2024/,ppi-09-02-2024
2024-02-08,-11.0,-4,,79,https://abicom.com.br/ppi/ppi-08-02-2024/,ppi-08-02-2024
2024-02-07,-8.0,-1,,78,https://abicom.com.br/ppi/ppi-07-02-2024/,ppi-07-02-2024
2024-02-06,-9.0,-2,,78,https://abicom.com.br/ppi/ppi-06-02-2024/,ppi-06-02-2024
2024-02-05,-5.0,1,,78,https://abicom.com.br/ppi/ppi-05-02-2024/,ppi-05-02-2024
2024-02-02,-7.0,-1,,79,https://abicom.com.br/ppi/ppi-02-02-2024/,ppi-02-02-2024
2024-02-01,-10.0,-3,,81,https://abicom.com.br/ppi/ppi-01-02-2024/,ppi-01-02-2024
2024-01-31,-11.0,-7,,83,https://abicom.com.br/ppi/ppi-31-01-2024/,ppi-31-01-2024
2024-01-30,-12.0,-5,,82,https://abicom.com.br/ppi/ppi-30-01-2024/,ppi-30-01-2024
2024-01-29,-11.0,-7,,84,https://abicom.com.br/ppi/ppi-29-01-2024/,ppi-29-01-2024
2024-01-26,-10.0,-7,,80,https://abicom.com.br/ppi/ppi-26-01-2024/,ppi-26-01-2024
2024-01-25,-6.0,-4,,80,https://abicom.com.br/ppi/ppi-25-01-2024/,ppi-25-01-2024
2024-01-24,-7.0,-5,,80,https://abicom.com.br/ppi/ppi-24-01-2024/,ppi-24-01-2024
2024-01-23,-7.0,-6,,80,https://abicom.com.br/ppi/ppi-23-01-2024/,ppi-23-01-2024
2024-01-22,-5.0,-2,,79,https://abicom.com.br/ppi/ppi-22-01-2024/,ppi-22-01-2024
2024-01-19,-7.0,-4,,79,https://abicom.com.br/ppi/ppi-19-01-2024/,ppi-19-01-2024
2024-01-18,-5.0,-1,,78,https://abicom.com.br/ppi/ppi-18-01-2024/,ppi-18-01-2024
2024-01-17,-5.0,0,,78,https://abicom.com.br/ppi/ppi-17-01-2024/,ppi-17-01-2024
2024-01-16,-5.0,0,,78,https://abicom.com.br/ppi/ppi-16-01-2024/,ppi-16-01-2024
2024-01-12,-5.0,0,,78,https://abicom.com.br/ppi/ppi-12-01-2024/,ppi-12-01-2024
2024-01-11,-3.0,4,,77,https://abicom.com.br/ppi/ppi-11-01-2024/,ppi-11-01-2024
2024-01-10,-4.0,3,,77,https://abicom.com.br/ppi/ppi-10-01-2024/,ppi-10-01-2024
2024-01-09,-2.0,6,,76,https://abicom.com.br/ppi/ppi-09-01-2024/,ppi-09-01-2024
2024-01-08,-3.0,2,,79,https://abicom.com.br/ppi/ppi-08-01-2024/,ppi-08-01-2024
2024-01-05,-3.0,1,,78,https://abicom.com.br/ppi/ppi-05-01-2024/,ppi-05-01-2024
2024-01-04,-3.0,-1,,78,https://abicom.com.br/ppi/ppi-04-01-2024/,ppi-04-01-2024
2024-01-03,0.0,3,,76,https://abicom.com.br/ppi/ppi-03-01-2024/,ppi-03-01-2024
2024-01-02,-1.0,1,,77,https://abicom.com.br/ppi/ppi-02-01-2024/,ppi-02-01-2024
2023-12-29,-1.0,5,,77,https://abicom.com.br/ppi/ppi-29-12-2023/,ppi-29-12-2023
2023-12-28,-4.0,1,,79,https://abicom.com.br/ppi/ppi-28-12-2023/,ppi-28-12-2023
2023-12-27,-6.0,1,,81,https://abicom.com.br/ppi/ppi-27-12-2023/,ppi-27-12-2023
2023-12-26,1.0,2,,79,https://abicom.com.br/ppi/ppi-26-12-2023/,ppi-26-12-2023
2023-12-22,-1.0,0,,79,https://abicom.com.br/ppi/ppi-22-12-2023/,ppi-22-12-2023
2023-12-21,0.0,-2,,79,https://abicom.com.br/ppi/ppi-21-12-2023/,ppi-21-12-2023
2023-12-20,-1.0,-2,,79,https://abicom.com.br/ppi/ppi-20-12-2023/,ppi-20-12-2023
2023-12-19,-1.0,-2,,78,https://abicom.com.br/ppi/ppi-19-12-2023/,ppi-19-12-2023
2023-12-18,0.0,-1,,77,https://abicom.com.br/ppi/ppi-18-12-2023/,ppi-18-12-2023
2023-12-15,2.0,1,,77,https://abicom.com.br/ppi/ppi-15-12-2023/,ppi-15-12-2023
2023-12-14,2.0,5,,75,https://abicom.com.br/ppi/ppi-14-12-2023/,ppi-14-12-2023
2023-12-13,3.0,9,,73,https://abicom.com.br/ppi/ppi-13-12-2023/,ppi-13-12-2023
2023-12-12,1.0,6,,76,https://abicom.com.br/ppi/ppi-12-12-2023/,ppi-12-12-2023
2023-12-11,1.0,6,,76,https://abicom.com.br/ppi/ppi-11-12-2023/,ppi-11-12-2023
2023-12-08,3.0,9,,74,https://abicom.com.br/ppi/ppi-08-12-2023/,ppi-08-12-2023
2023-12-07,7.0,7,,74,https://abicom.com.br/ppi/ppi-07-12-2023/,ppi-07-12-2023
2023-12-06,5.0,2,,77,https://abicom.com.br/ppi/ppi-06-12-2023/,ppi-06-12-2023
2023-12-05,5.0,2,,78,https://abicom.com.br/ppi/ppi-05-12-2023/,ppi-05-12-2023
2023-12-04,5.0,2,,79,https://abicom.com.br/ppi/ppi-04-12-2023/,ppi-04-12-2023
2023-12-01,-1.0,1,,80,https://abicom.com.br/ppi/ppi-01-12-2023/,ppi-01-12-2023
2023-12-30,-2.0,-2,,83,https://abicom.com.br/ppi/ppi-30-12-2023/,ppi-30-12-2023
2023-11-29,0.0,-3,,82,https://abicom.com.br/ppi/ppi-29-11-2023/,ppi-29-11-2023
2023-11-28,-1.0,2,,80,https://abicom.com.br/ppi/ppi-28-11-2023/,ppi-28-11-2023
2023-11-27,0.0,3,,81,https://abicom.com.br/ppi/ppi-27-11-2023/,ppi-27-11-2023
2023-11-24,-1.0,0,,81,https://abicom.com.br/ppi/ppi-24-11-2023/,ppi-24-11-2023
2023-11-23,-2.0,-1,,82,https://abicom.com.br/ppi/ppi-23-11-2023/,ppi-23-11-2023
2023-11-22,-3.0,1,,82,https://abicom.com.br/ppi/ppi-22-11-2023/,ppi-22-11-2023
2023-11-21,1.0,1,,82,https://abicom.com.br/ppi/ppi-21-11-2023/,ppi-21-11-2023
2023-11-20,3.0,3,,81,https://abicom.com.br/ppi/ppi-20-11-2023/,ppi-20-11-2023
2023-11-17,4.0,8,,77,https://abicom.com.br/ppi/ppi-17-11-2023/,ppi-17-11-2023
2023-11-16,0.0,3,,81,https://abicom.com.br/ppi/ppi-16-11-2023/,ppi-16-11-2023
2023-11-14,1.0,-1,,83,https://abicom.com.br/ppi/ppi-14-11-2023/,ppi-14-11-2023
2023-11-13,5.0,1,,82,https://abicom.com.br/ppi/ppi-13-11-2023/,ppi-13-11-2023
2023-11-10,7.0,3,,80,https://abicom.com.br/ppi/ppi-10-11-2023/,ppi-10-11-2023
2023-11-09,6.0,5,,81,https://abicom.com.br/ppi/ppi-09-11-2023/,ppi-09-11-2023
2023-11-08,4.0,3,,85,https://abicom.com.br/ppi/ppi-08-11-2023/,ppi-08-11-2023
2023-11-07,0.0,-1,,85,https://abicom.com.br/ppi/ppi-07-11-2023/,ppi-07-11-2023
2023-11-06,1.0,1,,85,https://abicom.com.br/ppi/ppi-06-11-2023/,ppi-06-11-2023
2023-11-03,-5.0,-3,,87,https://abicom.com.br/ppi/ppi-03-11-2023/,ppi-03-11-2023
2023-11-01,-4.0,-3,,86,https://abicom.com.br/ppi/ppi-01-11-2023/,ppi-01-11-2023
2023-10-31,-2.0,-1,,88,https://abicom.com.br/ppi/ppi-31-10-2023/,ppi-31-10-2023
2023-10-30,-4.0,-5,,90,https://abicom.com.br/ppi/ppi-30-10-2023/,ppi-30-10-2023
2023-10-27,-4.0,-3,,88,https://abicom.com.br/ppi/ppi-27-10-2023/,ppi-27-10-2023
2023-10-26,-4.0,-4,,90,https://abicom.com.br/ppi/ppi-26-10-2023/,ppi-26-10-2023
2023-10-25,-4.0,-4,,88,https://abicom.com.br/ppi/ppi-25-10-2023/,ppi-25-10-2023
2023-10-24,-6.0,-8,,90,https://abicom.com.br/ppi/ppi-24-10-2023/,ppi-24-10-2023
2023-10-23,-8.0,-9,,92,https://abicom.com.br/ppi/ppi-23-10-2023/,ppi-23-10-2023
2023-10-20,-13.0,-5,,92,https://abicom.com.br/ppi/ppi-20-10-2023/,ppi-20-10-2023
2023-10-19,-12.0,-5,,91,https://abicom.com.br/ppi/ppi-19-10-2023/,ppi-19-10-2023
2023-10-18,-13.0,-2,,90,https://abicom.com.br/ppi/ppi-18-10-2023/,ppi-18-10-2023
2023-10-17,-13.0,-1,,90,https://abicom.com.br/ppi/ppi-17-10-2023/,ppi-17-10-2023
2023-10-16,-15.0,-1,,91,https://abicom.com.br/ppi/ppi-16-10-2023/,ppi-16-10-2023
2023-10-13,-10.0,4,,88,https://abicom.com.br/ppi/ppi-13-10-2023/,ppi-13-10-2023
2023-10-11,-9.0,-1,,88,https://abicom.com.br/ppi/ppi-11-10-2023/,ppi-11-10-2023
2023-10-10,-9.0,-1,,88,https://abicom.com.br/ppi/ppi-10-10-2023/,ppi-10-10-2023
2023-10-09,-7.0,1,,84,https://abicom.com.br/ppi/ppi-09-10-2023/,ppi-09-10-2023
2023-10-06,-6.0,1,,84,https://abicom.com.br/ppi/ppi-06-10-2023/,ppi-06-10-2023
2023-10-05,-10.0,5,,85,https://abicom.com.br/ppi/ppi-05-10-2023/,ppi-05-10-2023
2023-10-04,-14.0,1,,90,https://abicom.com.br/ppi/ppi-04-10-2023/,ppi-04-10-2023
2023-10-03,-14.0,-1,,91,https://abicom.com.br/ppi/ppi-03-10-2023/,ppi-03-10-2023
2023-10-02,-16.0,1,,90,https://abicom.com.br/ppi/ppi-02-10-2023/,ppi-02-10-2023
2023-09-29,-16.0,-2,,92,https://abicom.com.br/ppi/ppi-29-09-2023/,ppi-29-09-2023
2023-09-28,-16.0,-6,,97,https://abicom.com.br/ppi/ppi-28-09-2023/,ppi-28-09-2023
2023-09-27,-13.0,-5,,94,https://abicom.com.br/ppi/ppi-27-09-2023/,ppi-27-09-2023
2023-09-26,-14.0,-4,,93,https://abicom.com.br/ppi/ppi-26-09-2023/,ppi-26-09-2023
2023-09-25,-14.0,-4,,94,https://abicom.com.br/ppi/ppi-25-09-2023/,ppi-25-09-2023
2023-09-22,-15.0,-7,,93,https://abicom.com.br/ppi/ppi-22-09-2023/,ppi-22-09-2023
2023-09-21,-12.0,-6,,93,https://abicom.com.br/ppi/ppi-21-09-2023/,ppi-21-09-2023
2023-09-20,-13.0,-7,,94,https://abicom.com.br/ppi/ppi-20-09-2023/,ppi-20-09-2023
2023-09-19,-11.0,-9,,94,https://abicom.com.br/ppi/ppi-19-09-2023/,ppi-19-09-2023
2023-09-18,-13.0,-9,,94,https://abicom.com.br/ppi/ppi-18-09-2023/,ppi-18-09-2023
2023-09-15,-16.0,-11,,94,https://abicom.com.br/ppi/ppi-15-09-2023/,ppi-15-09-2023
2023-09-14,-16.0,-11,,92,https://abicom.com.br/ppi/ppi-14-09-2023/,ppi-14-09-2023
2023-09-13,-15.0,-10,,92,https://abicom.com.br/ppi/ppi-13-09-2023/,ppi-13-09-2023
2023-09-12,-15.0,-10,,90,https://abicom.com.br/ppi/ppi-12-09-2023/,ppi-12-09-2023
2023-09-11,-15.0,-8,,90,https://abicom.com.br/ppi/ppi-11-09-2023/,ppi-11-09-2023
2023-09-08,-12.0,-7,,90,https://abicom.com.br/ppi/ppi-08-09-2023/,ppi-08-09-2023
2023-09-06,-14.0,-4,,89,https://abicom.com.br/ppi/ppi-06-09-2023/,ppi-06-09-2023
2023-09-05,-9.0,-4,,89,https://abicom.com.br/ppi/ppi-05-09-2023/,ppi-05-09-2023
2023-09-04,-9.0,-4,,89,https://abicom.com.br/ppi/ppi-04-09-2023/,ppi-04-09-2023
2023-09-01,-10.0,-7,,87,https://abicom.com.br/ppi/ppi-01-09-2023/,ppi-01-09-2023
2023-08-31,-7.0,-7,,85,https://abicom.com.br/ppi/ppi-31-08-2023/,ppi-31-08-2023
2023-08-30,-10.0,-6,,85,https://abicom.com.br/ppi/ppi-30-08-2023/,ppi-30-08-2023
2023-08-29,-11.0,-6,,84,https://abicom.com.br/ppi/ppi-28-08-2023-2/,ppi-28-08-2023-2
2023-08-28,-13.0,-9,,83,https://abicom.com.br/ppi/ppi-28-08-2023/,ppi-28-08-2023
2023-08-25,-9.0,-5,,83,https://abicom.com.br/ppi/ppi-25-08-2023/,ppi-25-08-2023
2023-08-24,-9.0,-5,,83,https://abicom.com.br/ppi/ppi-24-08-2023/,ppi-24-08-2023
2023-08-23,-10.0,-7,,84,https://abicom.com.br/ppi/ppi-23-08-2023/,ppi-23-08-2023
2023-08-22,-10.0,-7,,84,https://abicom.com.br/ppi/ppi-22-08-2023/,ppi-22-08-2023
2023-08-21,-11.0,-9,,85,https://abicom.com.br/ppi/ppi-21-08-2023/,ppi-21-08-2023
2023-08-18,-10.0,-9,,84,https://abicom.com.br/ppi/ppi-18-08-2023/,ppi-18-08-2023
2023-08-17,-8.0,-11,,83,https://abicom.com.br/ppi/ppi-17-08-2023/,ppi-17-08-2023
2023-08-16,-8.0,-11,,85,https://abicom.com.br/ppi/ppi-16-08-2023/,ppi-16-08-2023
2023-08-15,-9.0,-12,,86,https://abicom.com.br/ppi/ppi-15-08-2023/,ppi-15-08-2023
2023-08-14,-24.0,-24,,87,https://abicom.com.br/ppi/ppi-14-08-2023/,ppi-14-08-2023
2023-08-11,-24.0,-21,,86,https://abicom.com.br/ppi/ppi-11-08-2023/,ppi-11-08-2023
2023-08-10,-26.0,-23,,88,https://abicom.com.br/ppi/ppi-10-08-2023/,ppi-10-08-2023
2023-08-09,-24.0,-21,,86,https://abicom.com.br/ppi/ppi-09-08-2023/,ppi-09-08-2023
2023-08-08,-22.0,-19,,85,https://abicom.com.br/ppi/ppi-08-08-2023/,ppi-08-08-2023
2023-08-07,-23.0,-18,,86,https://abicom.com.br/ppi/ppi-07-08-2023/,ppi-07-08-2023
2023-08-04,-24.0,-17,,84,https://abicom.com.br/ppi/ppi-04-08-2023/,ppi-04-08-2023
2023-08-03,-21.0,-16,,83,https://abicom.com.br/ppi/ppi-03-08-2023/,ppi-03-08-2023
2023-08-02,-22.0,-19,,85,https://abicom.com.br/ppi/ppi-02-08-2023/,ppi-02-08-2023
2023-08-01,-20.0,-21,,85,https://abicom.com.br/ppi/ppi-01-08-2023/,ppi-01-08-2023
2023-07-31,-20.0,-21,,85,https://abicom.com.br/ppi/ppi-31-07-2023/,ppi-31-07-2023
2023-07-28,-18.0,-21,,83,https://abicom.com.br/ppi/ppi-28-07-2023/,ppi-28-07-2023
2023-07-27,-16.0,-20,,83,https://abicom.com.br/ppi/ppi-27-07-2023/,ppi-27-07-2023
2023-07-26,-16.0,-19,,84,https://abicom.com.br/ppi/ppi-26-07-2023/,ppi-26-07-2023
2023-07-25,-15.0,-21,,83,https://abicom.com.br/ppi/ppi-25-07-2023/,ppi-25-07-2023
2023-07-24,-15.0,-19,,81,https://abicom.com.br/ppi/ppi-24-07-2023/,ppi-24-07-2023
2023-07-21,-13.0,-17,,80,https://abicom.com.br/ppi/ppi-21-07-2023/,ppi-21-07-2023
2023-07-20,-13.0,-16,,80,https://abicom.com.br/ppi/ppi-20-07-2023/,ppi-20-07-2023
2023-07-19,-12.0,-16,,80,https://abicom.com.br/ppi/ppi-19-07-2023/,ppi-19-07-2023
2023-07-18,-11.0,-14,,78,https://abicom.com.br/ppi/ppi-18-07-2023/,ppi-18-07-2023
2023-07-17,-11.0,-14,,80,https://abicom.com.br/ppi/ppi-17-07-2023/,ppi-17-07-2023
2023-07-14,-11.0,-15,,81,https://abicom.com.br/ppi/ppi-14-07-2023/,ppi-14-07-2023
2023-07-13,-11.0,-15,,80,https://abicom.com.br/ppi/ppi-13-07-2023/,ppi-13-07-2023
2023-07-12,-12.0,-15,,79,https://abicom.com.br/ppi/ppi-12-07-2023/,ppi-12-07-2023
2023-07-11,-11.0,-13,,78,https://abicom.com.br/ppi/ppi-11-07-2023/,ppi-11-07-2023
2023-07-10,-12.0,-13,,78,https://abicom.com.br/ppi/ppi-10-07-2023/,ppi-10-07-2023
2023-07-07,-9.0,-12,,76,https://abicom.com.br/ppi/ppi-07-07-2023/,ppi-07-07-2023
2023-07-06,-9.0,-10,,76,https://abicom.com.br/ppi/ppi-06-07-2023/,ppi-06-07-2023
2023-07-05,-4.0,-6,,76,https://abicom.com.br/ppi/ppi-05-07-2023/,ppi-05-07-2023
2023-07-04,-3.0,-7,,75,https://abicom.com.br/ppi/ppi-04-07-2023/,ppi-04-07-2023
2023-07-03,-7.0,-15,,75,https://abicom.com.br/ppi/ppi-03-07-2023/,ppi-03-07-2023
2023-06-30,-7.0,-11,,74,https://abicom.com.br/ppi/ppi-30-06-2023/,ppi-30-06-2023
2023-06-29,-7.0,-10,,74,https://abicom.com.br/ppi/ppi-29-06-2023/,ppi-29-06-2023
2023-06-28,-3.0,-5,,72,https://abicom.com.br/ppi/ppi-28-06-2023/,ppi-28-06-2023
2023-06-27,-5.0,-5,,74,https://abicom.com.br/ppi/ppi-27-06-2023/,ppi-27-06-2023
2023-06-26,-4.0,-5,,73,https://abicom.com.br/ppi/ppi-26-06-2023/,ppi-26-06-2023
2023-06-23,-6.0,-6,,74,https://abicom.com.br/ppi/ppi-23-06-2023/,ppi-23-06-2023
2023-06-22,-9.0,-9,,77,https://abicom.com.br/ppi/ppi-22-06-2023/,ppi-22-06-2023
2023-06-21,-8.0,-9,,76,https://abicom.com.br/ppi/ppi-21-06-2023/,ppi-21-06-2023
2023-06-20,-7.0,-11,,76,https://abicom.com.br/ppi/ppi-20-06-2023/,ppi-20-06-2023
2023-06-19,-11.0,-13,,77,https://abicom.com.br/ppi/ppi-19-06-2023/,ppi-19-06-2023
2023-06-16,-7.0,-11,,76,https://abicom.com.br/ppi/ppi-16-06-2023/,ppi-16-06-2023
2023-06-15,-4.0,-3,,73,https://abicom.com.br/ppi/ppi-15-06-2023/,ppi-15-06-2023
2023-06-14,-4.0,-5,,74,https://abicom.com.br/ppi/ppi-14-06-2023/,ppi-14-06-2023
2023-06-13,-2.0,-2,,72,https://abicom.com.br/ppi/ppi-13-06-2023/,ppi-13-06-2023
2023-06-12,-4.0,-7,,75,https://abicom.com.br/ppi/ppi-12-06-2023/,ppi-12-06-2023
2023-06-09,-6.0,-8,,76,https://abicom.com.br/ppi/ppi-09-06-2023/,ppi-09-06-2023
2023-06-07,-6.0,-6,,76,https://abicom.com.br/ppi/ppi-07-06-2023/,ppi-07-06-2023
2023-06-06,-6.0,-4,,77,https://abicom.com.br/ppi/ppi-06-06-2023/,ppi-06-06-2023
2023-06-05,-6.0,-4,,76,https://abicom.com.br/ppi/ppi-05-06-2023/,ppi-05-06-2023
2023-06-02,-6.0,-2,,74,https://abicom.com.br/ppi/ppi-02-06-2023/,ppi-02-06-2023
2023-06-01,-5.0,-7,,72,https://abicom.com.br/ppi/ppi-01-06-2023/,ppi-01-06-2023
2023-05-31,-5.0,-11,,73,https://abicom.com.br/ppi/ppi-31-05-2023/,ppi-31-05-2023
2023-05-30,-8.0,-10,,77,https://abicom.com.br/ppi/ppi-30-05-2023/,ppi-30-05-2023
2023-05-29,-7.0,-10,,77,https://abicom.com.br/ppi/ppi-29-05-2023/,ppi-29-05-2023
2023-05-26,-6.0,-9,,76,https://abicom.com.br/ppi/ppi-26-05-2023/,ppi-26-05-2023
2023-05-25,-7.0,-10,,78,https://abicom.com.br/ppi/ppi-25-05-2023/,ppi-25-05-2023
2023-05-24,-5.0,-9,,77,https://abicom.com.br/ppi/ppi-24-05-2023/,ppi-24-05-2023
2023-05-23,-5.0,-8,,76,https://abicom.com.br/ppi/ppi-23-05-2023/,ppi-23-05-2023
2023-05-22,-5.0,-6,,76,https://abicom.com.br/ppi/ppi-22-05-2023/,ppi-22-05-2023
2023-05-19,-6.0,-5,,76,https://abicom.com.br/ppi/ppi-19-05-2023/,ppi-19-05-2023
2023-05-18,-7.0,-5,,77,https://abicom.com.br/ppi/ppi-18-05-2023/,ppi-18-05-2023
2023-05-17,-4.0,1,,74,https://abicom.com.br/ppi/ppi-17-05-2023/,ppi-17-05-2023
2023-05-16,7.0,13,,75,https://abicom.com.br/ppi/ppi-16-05-2023/,ppi-16-05-2023
2023-05-15,10.0,15,,74,https://abicom.com.br/ppi/ppi-15-05-2023/,ppi-15-05-2023
2023-05-12,7.0,12,,75,https://abicom.com.br/ppi/ppi-12-05-2023/,ppi-12-05-2023
2023-05-11,6.0,11,,76,https://abicom.com.br/ppi/ppi-11-05-2023/,ppi-11-05-2023
2023-05-10,5.0,11,,77,https://abicom.com.br/ppi/ppi-10-05-2023/,ppi-10-05-2023
2023-05-09,5.0,11,,77,https://abicom.com.br/ppi/ppi-09-05-2023/,ppi-09-05-2023
2023-05-08,9.0,16,,75,https://abicom.com.br/ppi/ppi-08-05-2023/,ppi-08-05-2023
2023-05-05,11.0,19,,72,https://abicom.com.br/ppi/ppi-05-05-2023/,ppi-05-05-2023
2023-05-04,11.0,19,,72,https://abicom.com.br/ppi/ppi-04-05-2023/,ppi-04-05-2023
2023-05-03,10.0,13,,75,https://abicom.com.br/ppi/ppi-03-05-2023/,ppi-03-05-2023
2023-05-02,7.0,7,,79,https://abicom.com.br/ppi/ppi-02-05-2023/,ppi-02-05-2023
2023-04-28,17.0,7,,78,https://abicom.com.br/ppi/ppi-28-04-2023/,ppi-28-04-2023
2023-04-27,15.0,5,,78,https://abicom.com.br/ppi/ppi-27-04-2023/,ppi-27-04-2023
2023-04-26,12.0,3,,80,https://abicom.com.br/ppi/ppi-26-04-2023/,ppi-26-04-2023
2023-04-25,9.0,1,,83,https://abicom.com.br/ppi/ppi-25-04-2023/,ppi-25-04-2023
2023-04-24,11.0,2,,82,https://abicom.com.br/ppi/ppi-24-04-2023/,ppi-24-04-2023
2023-04-20,8.0,1,,83,https://abicom.com.br/ppi/ppi-20-04-2023/,ppi-20-04-2023
2023-04-19,8.0,0,,85,https://abicom.com.br/ppi/ppi-19-04-2023/,ppi-19-04-2023
2023-04-18,7.0,-2,,85,https://abicom.com.br/ppi/ppi-18-04-2023/,ppi-18-04-2023
2023-04-17,6.0,-5,,86,https://abicom.com.br/ppi/ppi-17-04-2023/,ppi-17-04-2023
2023-04-14,6.0,-4,,86,https://abicom.com.br/ppi/ppi-14-04-2023/,ppi-14-04-2023
2023-04-13,3.0,-6,,87,https://abicom.com.br/ppi/ppi-13-04-2023/,ppi-13-04-2023
2023-04-12,3.0,-7,,85,https://abicom.com.br/ppi/ppi-12-04-2023/,ppi-12-04-2023
2023-04-11,1.0,-6,,84,https://abicom.com.br/ppi/ppi-11-04-2023/,ppi-11-04-2023
2023-04-10,2.0,-7,,85,https://abicom.com.br/ppi/ppi-10-04-2023/,ppi-10-04-2023
2023-04-06,0.0,-7,,85,https://abicom.com.br/ppi/ppi-06-04-2023/,ppi-06-04-2023
2023-04-05,2.0,-3,,85,https://abicom.com.br/ppi/ppi-05-04-2023/,ppi-05-04-2023
2023-04-04,3.0,-5,,86,https://abicom.com.br/ppi/ppi-04-04-2023/,ppi-04-04-2023
2023-04-03,2.0,-3,,80,https://abicom.com.br/ppi/ppi-03-04-2023/,ppi-03-04-2023
2022-03-31,-2.0,-2,,111,https://abicom.com.br/ppi/ppi-31-03-2022/,ppi-31-03-2022
2023-03-30,2.0,-3,,78,https://abicom.com.br/ppi/ppi-30-03-2023/,ppi-30-03-2023
2023-03-29,-3.0,-6,,78,https://abicom.com.br/ppi/ppi-29-03-2023/,ppi-29-03-2023
2023-03-28,-3.0,-6,,78,https://abicom.com.br/ppi/ppi-28-03-2023/,ppi-28-03-2023
2023-03-27,-2.0,-3,,75,https://abicom.com.br/ppi/ppi-27-03-2023/,ppi-27-03-2023
2023-03-24,-3.0,-2,,76,https://abicom.com.br/ppi/ppi-24-03-2023/,ppi-24-03-2023
2023-03-23,-4.0,-3,,77,https://abicom.com.br/ppi/ppi-23-03-2023/,ppi-23-03-2023
2023-03-22,2.0,0,,75,https://abicom.com.br/ppi/ppi-22-03-2023/,ppi-22-03-2023
2023-03-21,2.0,0,,74,https://abicom.com.br/ppi/ppi-21-03-2023/,ppi-21-03-2023
2023-03-20,4.0,1,,73,https://abicom.com.br/ppi/ppi-20-03-2023/,ppi-20-03-2023
2023-03-17,5.0,-1,,75,https://abicom.com.br/ppi/ppi-17-03-2023/,ppi-17-03-2023
2023-03-16,6.0,2,,74,https://abicom.com.br/ppi/ppi-16-03-2023/,ppi-16-03-2023
2023-03-15,2.0,-1,,78,https://abicom.com.br/ppi/ppi-15-03-2023/,ppi-15-03-2023
2023-03-14,0.0,-3,,81,https://abicom.com.br/ppi/ppi-14-03-2023/,ppi-14-03-2023
2023-03-13,0.0,-4,,83,https://abicom.com.br/ppi/ppi-13-03-2023/,ppi-13-03-2023
2023-03-10,5.0,-1,,81,https://abicom.com.br/ppi/ppi-10-03-2023/,ppi-10-03-2023
2023-03-09,3.0,-5,,83,https://abicom.com.br/ppi/ppi-09-03-2023/,ppi-09-03-2023
2023-03-08,0.0,-7,,83,https://abicom.com.br/ppi/ppi-08-03-2023/,ppi-08-03-2023
2023-03-07,-3.0,-11,,86,https://abicom.com.br/ppi/ppi-07-03-2023/,ppi-07-03-2023
2023-03-06,-3.0,-9,,86,https://abicom.com.br/ppi/ppi-06-03-2023/,ppi-06-03-2023
2023-03-03,-3.0,-8,,85,https://abicom.com.br/ppi/ppi-03-03-2023/,ppi-03-03-2023
2023-03-02,-4.0,-7,,84,https://abicom.com.br/ppi/ppi-02-03-2023/,ppi-02-03-2023
2023-03-01,-2.0,0,,83,https://abicom.com.br/ppi/ppi-01-03-2023/,ppi-01-03-2023
2023-02-28,0.0,6,,82,https://abicom.com.br/ppi/ppi-28-02-2023/,ppi-28-02-2023
2023-02-27,2.0,7,,83,https://abicom.com.br/ppi/ppi-27-02-2023/,ppi-27-02-2023
2023-02-24,7.0,7,,82,https://abicom.com.br/ppi/ppi-24-02-2023/,ppi-24-02-2023
2022-02-23,-5.0,-9,,93,https://abicom.com.br/ppi/ppi-23-02-2022/,ppi-23-02-2022
2023-02-17,-1.0,4,,85,https://abicom.com.br/ppi/ppi-17-02-2023/,ppi-17-02-2023
2023-02-16,-1.0,1,,85,https://abicom.com.br/ppi/ppi-16-02-2023/,ppi-16-02-2023
2023-02-15,-4.0,1,,85,https://abicom.com.br/ppi/ppi-15-02-2023/,ppi-15-02-2023
2023-02-14,-3.0,-1,,86,https://abicom.com.br/ppi/ppi-14-02-2023/,ppi-14-02-2023
2023-02-13,-3.0,-1,,86,https://abicom.com.br/ppi/ppi-13-02-2023/,ppi-13-02-2023
2023-02-10,-1.0,1,,84,https://abicom.com.br/ppi/ppi-10-02-2023/,ppi-10-02-2023
2023-02-09,-1.0,1,,85,https://abicom.com.br/ppi/ppi-09-02-2023/,ppi-09-02-2023
2023-02-08,1.0,2,,83,https://abicom.com.br/ppi/ppi-08-02-2023/,ppi-08-02-2023
2023-02-07,14.0,6,,81,https://abicom.com.br/ppi/ppi-07-02-2023/,ppi-07-02-2023
2023-02-06,17.0,10,,80,https://abicom.com.br/ppi/ppi-06-02-2023/,ppi-06-02-2023
2023-02-03,14.0,6,,82,https://abicom.com.br/ppi/ppi-03-02-2023/,ppi-03-02-2023
2023-02-02,11.0,4,,83,https://abicom.com.br/ppi/ppi-02-02-2023/,ppi-02-02-2023
2023-02-01,4.0,0,,85,https://abicom.com.br/ppi/ppi-01-02-2023/,ppi-01-02-2023
2023-01-31,6.0,2,,85,https://abicom.com.br/ppi/ppi-31-01-2023/,ppi-31-01-2023
2023-01-30,2.0,-1,,87,https://abicom.com.br/ppi/ppi-30-01-2023/,ppi-30-01-2023
2023-01-27,-3.0,-2,,88,https://abicom.com.br/ppi/ppi-27-01-2023/,ppi-27-01-2023
2023-01-26,-2.0,-2,,86,https://abicom.com.br/ppi/ppi-26-01-2023/,ppi-26-01-2023
2023-01-25,-6.0,-6,,86,https://abicom.com.br/ppi/ppi-25-01-2023/,ppi-25-01-2023
2023-01-24,-9.0,-14,,88,https://abicom.com.br/ppi/ppi-24-01-2023/,ppi-24-01-2023
2023-01-23,-7.0,-12,,87,https://abicom.com.br/ppi/ppi-23-01-2023/,ppi-23-01-2023
2023-01-20,-5.0,-11,,86,https://abicom.com.br/ppi/ppi-20-01-2023/,ppi-20-01-2023
2023-01-19,0.0,-6,,85,https://abicom.com.br/ppi/ppi-19-01-2023/,ppi-19-01-2023
2022-01-18,0.0,-7,,85,https://abicom.com.br/ppi/ppi-18-01-2022/,ppi-18-01-2022
2023-01-17,0.0,-7,,85,https://abicom.com.br/ppi/ppi-17-01-2023/,ppi-17-01-2023
2023-01-16,0.0,-7,,85,https://abicom.com.br/ppi/ppi-16-01-2023/,ppi-16-01-2023
2023-01-13,1.0,-5,,84,https://abicom.com.br/ppi/ppi-13-01-2023/,ppi-13-01-2023
2023-01-12,-1.0,-4,,83,https://abicom.com.br/ppi/ppi-12-01-2023/,ppi-12-01-2023
2022-01-11,2.0,0,,81,https://abicom.com.br/ppi/ppi-11-01-2022/,ppi-11-01-2022
2023-01-10,4.0,1,,80,https://abicom.com.br/ppi/ppi-10-01-2023/,ppi-10-01-2023
2023-01-09,5.0,3,,79,https://abicom.com.br/ppi/ppi-09-01-2023/,ppi-09-01-2023
2023-01-06,4.0,0,,79,https://abicom.com.br/ppi/ppi-06-01-2023/,ppi-06-01-2023
2022-01-05,4.0,0,,78,https://abicom.com.br/ppi/ppi-05-01-2022/,ppi-05-01-2022
2023-01-04,1.0,-7,,82,https://abicom.com.br/ppi/ppi-04-01-2023/,ppi-04-01-2023
2023-01-03,-4.0,-9,,86,https://abicom.com.br/ppi/ppi-03-01-2023/,ppi-03-01-2023
2023-01-02,-6.0,-7,,86,https://abicom.com.br/ppi/ppi-02-01-2023/,ppi-02-01-2023
2022-12-30,-6.0,-5,,84,https://abicom.com.br/ppi/ppi-30-12-2022/,ppi-30-12-2022
2022-12-29,-8.0,-6,,84,https://abicom.com.br/ppi/ppi-29-12-2022/,ppi-29-12-2022
2022-12-28,-8.0,-6,,85,https://abicom.com.br/ppi/ppi-28-12-2022/,ppi-28-12-2022
2022-12-27,-4.0,-5,,85,https://abicom.com.br/ppi/ppi-27-12-2022/,ppi-27-12-2022
2022-12-26,-3.0,-4,,84,https://abicom.com.br/ppi/ppi-26-12-2022/,ppi-26-12-2022
2022-12-23,1.0,1,,80,https://abicom.com.br/ppi/ppi-23-12-2022/,ppi-23-12-2022
2022-12-22,0.0,0,,82,https://abicom.com.br/ppi/ppi-22-12-2022/,ppi-22-12-2022
2022-12-21,2.0,1,,80,https://abicom.com.br/ppi/ppi-21-12-2022/,ppi-21-12-2022
2022-12-20,0.0,1,,80,https://abicom.com.br/ppi/ppi-20-12-2022/,ppi-20-12-2022
2022-12-19,-1.0,4,,79,https://abicom.com.br/ppi/ppi-19-12-2022/,ppi-19-12-2022
2022-12-16,-9.0,2,,81,https://abicom.com.br/ppi/ppi-16-12-2022/,ppi-16-12-2022
2022-12-15,-10.0,-2,,83,https://abicom.com.br/ppi/ppi-15-12-2022/,ppi-15-12-2022
2022-12-14,-4.0,3,,81,https://abicom.com.br/ppi/ppi-14-12-2022/,ppi-14-12-2022
2022-12-13,-1.0,7,,78,https://abicom.com.br/ppi/ppi-13-12-2022/,ppi-13-12-2022
2022-12-12,6.0,9,,76,https://abicom.com.br/ppi/ppi-12-12-2022/,ppi-12-12-2022
2022-12-09,5.0,11,,76,https://abicom.com.br/ppi/ppi-09-12-2022/,ppi-09-12-2022
2022-12-08,10.0,10,,77,https://abicom.com.br/ppi/ppi-08-12-2022/,ppi-08-12-2022
2022-12-07,3.0,5,,79,https://abicom.com.br/ppi/ppi-07-12-2022/,ppi-07-12-2022
2022-12-06,8.0,8,,83,https://abicom.com.br/ppi/ppi-06-12-2022/,ppi-06-12-2022
2022-12-05,3.0,4,,86,https://abicom.com.br/ppi/ppi-05-12-2022/,ppi-05-12-2022
2022-12-02,3.0,4,,87,https://abicom.com.br/ppi/ppi-02-12-2022/,ppi-02-12-2022
2022-12-01,0.0,3,,87,https://abicom.com.br/ppi/ppi-01-12-2022/,ppi-01-12-2022
2022-11-30,0.0,6,,84,https://abicom.com.br/ppi/ppi-30-11-2022/,ppi-30-11-2022
2022-11-29,1.0,5,,83,https://abicom.com.br/ppi/ppi-29-11-2022/,ppi-29-11-2022
2022-11-28,1.0,6,,83,https://abicom.com.br/ppi/ppi-28-11-2022/,ppi-28-11-2022
2022-11-25,-1.0,1,,85,https://abicom.com.br/ppi/ppi-25-11-2022/,ppi-25-11-2022
2022-11-24,-3.0,0,,85,https://abicom.com.br/ppi/ppi-24-11-2022/,ppi-24-11-2022
2022-11-23,-5.0,-2,,89,https://abicom.com.br/ppi/ppi-23-11-2022/,ppi-23-11-2022
2022-11-22,-5.0,2,,88,https://abicom.com.br/ppi/ppi-22-11-2022/,ppi-22-11-2022
2022-11-21,-6.0,3,,88,https://abicom.com.br/ppi/ppi-21-11-2022/,ppi-21-11-2022
2022-11-18,-7.0,0,,89,https://abicom.com.br/ppi/ppi-18-11-2022/,ppi-18-11-2022
2022-11-17,-7.0,0,,93,https://abicom.com.br/ppi/ppi-17-11-2022/,ppi-17-11-2022
2022-11-16,-6.0,0,,93,https://abicom.com.br/ppi/ppi-16-11-2022/,ppi-16-11-2022
2022-11-14,-4.0,-4,,95,https://abicom.com.br/ppi/ppi-14-11-2022/,ppi-14-11-2022
2022-11-11,-4.0,-2,,94,https://abicom.com.br/ppi/ppi-11-11-2022/,ppi-11-11-2022
2022-11-10,-3.0,1,,92,https://abicom.com.br/ppi/ppi-10-11-2022/,ppi-10-11-2022
2022-11-09,-6.0,-2,,95,https://abicom.com.br/ppi/ppi-09-11-2022/,ppi-09-11-2022
2022-11-08,-5.0,-1,,98,https://abicom.com.br/ppi/ppi-08-11-2022/,ppi-08-11-2022
2022-11-07,-8.0,-3,,98,https://abicom.com.br/ppi/ppi-07-11-2022/,ppi-07-11-2022
2022-11-04,-8.0,-3,,95,https://abicom.com.br/ppi/ppi-04-11-2022/,ppi-04-11-2022
2022-11-03,-3.0,-10,,94,https://abicom.com.br/ppi/ppi-03-11-2022/,ppi-03-11-2022
2022-11-01,-17.0,-12,,95,https://abicom.com.br/ppi/ppi-01-11-2022/,ppi-01-11-2022
2022-10-31,-25.0,-16,,94,https://abicom.com.br/ppi/ppi-31-10-2022/,ppi-31-10-2022
2022-10-28,-20.0,-18,,95,https://abicom.com.br/ppi/ppi-28-10-2022/,ppi-28-10-2022
2022-10-27,-16.0,-16,,94,https://abicom.com.br/ppi/ppi-27-10-2022/,ppi-27-10-2022
2022-10-26,-13.0,-16,,92,https://abicom.com.br/ppi/ppi-26-10-2022/,ppi-26-10-2022
2022-10-25,-12.0,-11,,91,https://abicom.com.br/ppi/ppi-25-10-2022/,ppi-25-10-2022
2022-10-24,-9.0,-9,,93,https://abicom.com.br/ppi/ppi-24-10-2022/,ppi-24-10-2022
2022-10-21,-6.0,-8,,92,https://abicom.com.br/ppi/ppi-21-10-2022/,ppi-21-10-2022
2022-10-20,-10.0,-9,,92,https://abicom.com.br/ppi/ppi-20-10-2022/,ppi-20-10-2022
2022-10-19,-12.0,-5,,90,https://abicom.com.br/ppi/ppi-19-10-2022/,ppi-19-10-2022
2022-10-18,-14.0,-7,,92,https://abicom.com.br/ppi/ppi-18-10-2022/,ppi-18-10-2022
2022-10-17,-12.0,-8,,92,https://abicom.com.br/ppi/ppi-17-10-2022/,ppi-17-10-2022
2022-10-14,-16.0,-12,,95,https://abicom.com.br/ppi/ppi-14-10-2022/,ppi-14-10-2022
2022-10-13,-11.0,-7,,95,https://abicom.com.br/ppi/ppi-13-10-2022/,ppi-13-10-2022
2022-10-11,-10.0,-8,,96,https://abicom.com.br/ppi/ppi-11-10-2022/,ppi-11-10-2022
2022-10-10,-13.0,-10,,98,https://abicom.com.br/ppi/ppi-10-10-2022/,ppi-10-10-2022
2022-10-07,-11.0,-9,,95,https://abicom.com.br/ppi/ppi-07-10-2022/,ppi-07-10-2022
2022-10-06,-8.0,-9,,94,https://abicom.com.br/ppi/ppi-06-10-2022/,ppi-06-10-2022
2022-10-05,-3.0,-8,,92,https://abicom.com.br/ppi/ppi-05-10-2022/,ppi-05-10-2022
2022-10-04,0.0,-2,,89,https://abicom.com.br/ppi/ppi-04-10-2022/,ppi-04-10-2022
2022-10-03,0.0,0,,85,https://abicom.com.br/ppi/ppi-03-10-2022/,ppi-03-10-2022
2022-09-30,-2.0,0,,87,https://abicom.com.br/ppi/ppi-30-09-2022/,ppi-30-09-2022
2022-09-29,-2.0,-2,,88,https://abicom.com.br/ppi/ppi-29-09-2022/,ppi-29-09-2022
2022-09-28,3.0,2,,85,https://abicom.com.br/ppi/ppi-28-09-2022/,ppi-28-09-2022
2022-09-27,6.0,6,,83,https://abicom.com.br/ppi/ppi-27-09-2022/,ppi-27-09-2022
2022-09-26,5.0,7,,86,https://abicom.com.br/ppi/ppi-26-09-2022/,ppi-26-09-2022
2022-09-23,0.0,1,,90,https://abicom.com.br/ppi/ppi-23-09-2022/,ppi-23-09-2022
2022-09-22,3.0,2,,90,https://abicom.com.br/ppi/22-09-2022/,22-09-2022
2022-09-21,2.0,4,,91,https://abicom.com.br/ppi/ppi-21-09-2022/,ppi-21-09-2022
2022-09-20,2.0,4,,92,https://abicom.com.br/ppi/ppi-22-09-2022/,ppi-22-09-2022
2022-09-19,10.0,6,,91,https://abicom.com.br/ppi/ppi-19-09-2022/,ppi-19-09-2022
2022-09-16,11.0,5,,90,https://abicom.com.br/ppi/ppi-16-09-2022/,ppi-16-09-2022
2022-09-15,6.0,2,,94,https://abicom.com.br/ppi/ppi-15-09-2022/,ppi-15-09-2022
2022-09-14,1.0,4,,93,https://abicom.com.br/ppi/ppi-14-09-2022/,ppi-14-09-2022
2022-09-13,2.0,6,,95,https://abicom.com.br/ppi/ppi-13-09-2022/,ppi-13-09-2022
2022-09-12,2.0,6,,93,https://abicom.com.br/ppi/ppi-12-09-2022/,ppi-12-09-2022
2022-09-09,3.0,11,,89,https://abicom.com.br/ppi/ppi-09-09-2022/,ppi-09-09-2022
2022-09-08,2.0,12,,93,https://abicom.com.br/ppi/ppi-08-09-2022/,ppi-08-09-2022
2022-09-06,2.0,5,,95,https://abicom.com.br/ppi/ppi-06-09-2022/,ppi-06-09-2022
2022-09-05,3.0,5,,93,https://abicom.com.br/ppi/ppi-05-09-2022/,ppi-05-09-2022
2022-09-02,4.0,7,,92,https://abicom.com.br/ppi/ppi-02-09-2022/,ppi-02-09-2022
2022-09-01,1.0,12,,96,https://abicom.com.br/ppi/ppi-01-09-2022/,ppi-01-09-2022
2022-08-31,1.0,9,,97,https://abicom.com.br/ppi/ppi-31-08-2022/,ppi-31-08-2022
2022-08-30,-1.0,2,,103,https://abicom.com.br/ppi/ppi-30-08-2022/,ppi-30-08-2022
2022-08-29,-2.0,8,,100,https://abicom.com.br/ppi/ppi-29-08-2022/,ppi-29-08-2022
2022-08-26,-5.0,7,,99,https://abicom.com.br/ppi/ppi-26-08-2022/,ppi-26-08-2022
2022-08-25,-6.0,7,,101,https://abicom.com.br/ppi/ppi-25-08-2022/,ppi-25-08-2022
2022-08-24,-2.0,2,,100,https://abicom.com.br/ppi/ppi-24-08-2022/,ppi-24-08-2022
2022-08-23,-2.0,2,,97,https://abicom.com.br/ppi/ppi-23-08-2022/,ppi-23-08-2022
2022-08-22,-2.0,-3,,97,https://abicom.com.br/ppi/ppi-22-08-2022/,ppi-22-08-2022
2022-08-16,8.0,9,,94,https://abicom.com.br/ppi/ppi-16-08-2022/,ppi-16-08-2022
2022-08-15,5.0,10,,98,https://abicom.com.br/ppi/ppi-15-08-2022/,ppi-15-08-2022
2022-08-12,6.0,9,,99,https://abicom.com.br/ppi/ppi-12-08-2022/,ppi-12-08-2022
2022-08-11,13.0,9,,97,https://abicom.com.br/ppi/ppi-11-08-2022/,ppi-11-08-2022
2022-08-10,12.0,8,,96,https://abicom.com.br/ppi/ppi-10-08-2022/,ppi-10-08-2022
2022-08-09,17.0,10,,96,https://abicom.com.br/ppi/ppi-09-08-2022/,ppi-09-08-2022
2022-08-08,14.0,8,,96,https://abicom.com.br/ppi/ppi-08-08-2022/,ppi-08-08-2022
2022-08-05,10.0,9,,96,https://abicom.com.br/ppi/ppi-05-08-2022/,ppi-05-08-2022
2022-08-04,9.0,10,,96,https://abicom.com.br/ppi/ppi-04-08-2022/,ppi-04-08-2022
2022-08-03,10.0,7,,100,https://abicom.com.br/ppi/ppi-03-08-2022/,ppi-03-08-2022
2022-08-02,10.0,11,,100,https://abicom.com.br/ppi/ppi-02-08-2022/,ppi-02-08-2022
2022-08-01,9.0,13,,102,https://abicom.com.br/ppi/ppi-01-08-2022/,ppi-01-08-2022
2022-07-29,5.0,3,,102,https://abicom.com.br/ppi/ppi-29-07-2022/,ppi-29-07-2022
2022-07-28,2.0,2,,101,https://abicom.com.br/ppi/ppi-28-07-2022/,ppi-28-07-2022
2022-06-27,-9.0,-10,,111,https://abicom.com.br/ppi/ppi-27-06-2022/,ppi-27-06-2022
2022-07-26,3.0,-2,,100,https://abicom.com.br/ppi/ppi-26-07-2022/,ppi-26-07-2022
2022-07-25,5.0,1,,103,https://abicom.com.br/ppi/ppi-25-07-2022/,ppi-25-07-2022
2022-07-22,2.0,4,,104,https://abicom.com.br/ppi/ppi-22-07-2022/,ppi-22-07-2022
2022-07-21,2.0,0,,107,https://abicom.com.br/ppi/ppi-21-07-2022/,ppi-21-07-2022
2022-07-20,3.0,0,,107,https://abicom.com.br/ppi/ppi-20-07-2022/,ppi-20-07-2022
2022-07-19,5.0,8,,106,https://abicom.com.br/ppi/ppi-19-07-2022/,ppi-19-07-2022
2022-07-18,0.0,4,,101,https://abicom.com.br/ppi/ppi-18-07-2022/,ppi-18-07-2022
2022-07-15,0.0,8,,99,https://abicom.com.br/ppi/ppi-15-07-2022/,ppi-15-07-2022
2022-07-14,-1.0,5,,99,https://abicom.com.br/ppi/ppi-14-07-2022/,ppi-14-07-2022
2022-07-13,-2.0,2,,99,https://abicom.com.br/ppi/ppi-13-07-2022/,ppi-13-07-2022
2022-07-12,3.0,2,,106,https://abicom.com.br/ppi/ppi-12-07-2022/,ppi-12-07-2022
2022-07-11,-1.0,-1,,107,https://abicom.com.br/ppi/ppi-11-07-2022/,ppi-11-07-2022
2022-07-08,-1.0,-4,,104,https://abicom.com.br/ppi/ppi-08-07-2022/,ppi-08-07-2022
2022-07-07,5.0,0,,101,https://abicom.com.br/ppi/ppi-07-07-2022/,ppi-07-07-2022
2022-07-06,3.0,2,,103,https://abicom.com.br/ppi/ppi-06-07-2022/,ppi-06-07-2022
2022-07-05,-6.0,-4,,111,https://abicom.com.br/ppi/ppi-05-07-2022/,ppi-05-07-2022
2022-07-04,-4.0,-9,,112,https://abicom.com.br/ppi/ppi-04-07-2022/,ppi-04-07-2022
2022-07-01,0.0,-6,,109,https://abicom.com.br/ppi/ppi-01-07-2022/,ppi-01-07-2022
2022-06-30,-3.0,-9,,112,https://abicom.com.br/ppi/ppi-30-06-2022/,ppi-30-06-2022
2022-06-29,-5.0,-12,,118,https://abicom.com.br/ppi/ppi-29-06-2022/,ppi-29-06-2022
2022-06-28,-8.0,-11,,115,https://abicom.com.br/ppi/ppi-28-06-2022/,ppi-28-06-2022
2022-06-24,-10.0,-8,,111,https://abicom.com.br/ppi/ppi-24-06-2022/,ppi-24-06-2022
2022-06-23,-10.0,-8,,111,https://abicom.com.br/ppi/ppi-23-06-2022/,ppi-23-06-2022
2022-06-22,-9.0,-8,,113,https://abicom.com.br/ppi/ppi-22-06-2022/,ppi-22-06-2022
2022-06-21,-11.0,-12,,114,https://abicom.com.br/ppi/ppi-21-06-2022/,ppi-21-06-2022
2022-06-20,-21.0,-13,,113,https://abicom.com.br/ppi/ppi-20-06-2022/,ppi-20-06-2022
2022-06-17,-21.0,-13,,120,https://abicom.com.br/ppi/ppi-17-06-2022/,ppi-17-06-2022
2022-06-15,-18.0,-14,,121,https://abicom.com.br/ppi/ppi-15-06-2022/,ppi-15-06-2022
2022-06-14,-16.0,-16,,123,https://abicom.com.br/ppi/ppi-14-06-2022/,ppi-14-06-2022
2022-06-13,-16.0,-17,,123,https://abicom.com.br/ppi/ppi-13-06-2022/,ppi-13-06-2022
2022-06-10,-18.0,-19,,123,https://abicom.com.br/ppi/ppi-10-06-2022/,ppi-10-06-2022
2022-06-09,-15.0,-19,,123,https://abicom.com.br/ppi/ppi-09-06-2022/,ppi-09-06-2022
2022-06-08,-16.0,-17,,122,https://abicom.com.br/ppi/ppi-08-06-2022/,ppi-08-06-2022
2022-06-07,-13.0,-15,,119,https://abicom.com.br/ppi/ppi-07-06-2022/,ppi-07-06-2022
2022-06-06,-14.0,-20,,119,https://abicom.com.br/ppi/ppi-06-06-2022/,ppi-06-06-2022
2022-06-03,-13.0,-18,,116,https://abicom.com.br/ppi/ppi-03-06-2022/,ppi-03-06-2022
2022-06-02,-10.0,-14,,116,https://abicom.com.br/ppi/ppi-02-06-2022/,ppi-02-06-2022
2022-06-01,-6.0,-13,,116,https://abicom.com.br/ppi/ppi-01-06-2022/,ppi-01-06-2022
2022-05-31,-8.0,-13,,117,https://abicom.com.br/ppi/ppi-31-05-2022/,ppi-31-05-2022
2022-05-30,-11.0,-7,,119,https://abicom.com.br/ppi/ppi-30-05-2022/,ppi-30-05-2022
2022-05-27,-4.0,-6,,114,https://abicom.com.br/ppi/ppi-27-05-2022/,ppi-27-05-2022
2022-05-26,-2.0,-6,,111,https://abicom.com.br/ppi/ppi-26-05-2022/,ppi-26-05-2022
2022-05-25,0.0,-6,,110,https://abicom.com.br/ppi/ppi-25-05-2022/,ppi-25-05-2022
2022-05-24,-1.0,-2,,110,https://abicom.com.br/ppi/ppi-24-05-2022/,ppi-24-05-2022
2022-05-23,-1.0,-8,,109,https://abicom.com.br/ppi/ppi-23-05-2022/,ppi-23-05-2022
2022-05-20,0.0,-8,,111,https://abicom.com.br/ppi/ppi-20-05-2022/,ppi-20-05-2022
2022-05-19,3.0,-6,,109,https://abicom.com.br/ppi/ppi-19-05-2022/,ppi-19-05-2022
2022-05-18,-2.0,-14,,111,https://abicom.com.br/ppi/ppi-18-05-2022/,ppi-18-05-2022
2022-05-17,-4.0,-18,,114,https://abicom.com.br/ppi/ppi-17-05-2022/,ppi-17-05-2022
2022-05-16,-5.0,-19,,111,https://abicom.com.br/ppi/ppi-16-05-2022/,ppi-16-05-2022
2022-05-13,-10.0,-22,,107,https://abicom.com.br/ppi/ppi-13-05-2022/,ppi-13-05-2022
2022-05-12,-8.0,-18,,107,https://abicom.com.br/ppi/ppi-12-05-2022/,ppi-12-05-2022
2022-05-11,-13.0,-17,,105,https://abicom.com.br/ppi/ppi-11-05-2022/,ppi-11-05-2022
2022-05-10,-10.0,-17,,105,https://abicom.com.br/ppi/ppi-10-05-2022/,ppi-10-05-2022
2022-05-09,-17.0,-19,,113,https://abicom.com.br/ppi/ppi-09-05-2022/,ppi-09-05-2022
2022-05-06,-21.0,-17,,111,https://abicom.com.br/ppi/ppi-06-05-2022/,ppi-06-05-2022
2022-05-05,-7.0,0,,108,https://abicom.com.br/ppi/ppi-05-05-2022/,ppi-05-05-2022
2022-05-04,-24.0,-12,,107,https://abicom.com.br/ppi/ppi-04-05-2022/,ppi-04-05-2022
2022-05-03,-21.0,-10,,107,https://abicom.com.br/ppi/ppi-03-05-2022/,ppi-03-05-2022
2022-05-02,-14.0,-7,,106,https://abicom.com.br/ppi/ppi-02-05-2022/,ppi-02-05-2022
2022-04-29,-27.0,-11,,107,https://abicom.com.br/ppi/ppi-29-04-2022/,ppi-29-04-2022
2022-04-28,-23.0,-10,,105,https://abicom.com.br/ppi/ppi-28-04-2022/,ppi-28-04-2022
2022-04-27,-25.0,-8,,106,https://abicom.com.br/ppi/ppi-27-04-2022/,ppi-27-04-2022
2022-04-26,-18.0,-3,,102,https://abicom.com.br/ppi/ppi-26-04-2022/,ppi-26-04-2022
2022-04-25,-11.0,-2,,107,https://abicom.com.br/ppi/ppi-25-04-2022/,ppi-25-04-2022
2022-04-22,-10.0,0,,108,https://abicom.com.br/ppi/ppi-22-04-2022/,ppi-22-04-2022
2022-04-20,-13.0,-2,,107,https://abicom.com.br/ppi/ppi-20-04-2022/,ppi-20-04-2022
2022-04-19,-14.0,-6,,112,https://abicom.com.br/ppi/ppi-19-04-2022/,ppi-19-04-2022
2022-04-18,-16.0,-9,,111,https://abicom.com.br/ppi/ppi-18-04-2022/,ppi-18-04-2022
2022-04-14,-12.0,-6,,109,https://abicom.com.br/ppi/ppi-14-04-2022/,ppi-14-04-2022
2022-04-13,-6.0,-1,,105,https://abicom.com.br/ppi/ppi-13-04-2022/,ppi-13-04-2022
2022-04-12,-3.0,3,,99,https://abicom.com.br/ppi/ppi-12-04-2022/,ppi-12-04-2022
2022-04-11,-7.0,-2,,102,https://abicom.com.br/ppi/ppi-11-04-2022/,ppi-11-04-2022
2022-04-08,-6.0,0,,100,https://abicom.com.br/ppi/ppi-08-04-2022/,ppi-08-04-2022
2022-04-07,-2.0,2,,101,https://abicom.com.br/ppi/ppi-07-04-2022/,ppi-07-04-2022
2022-04-06,-6.0,1,,106,https://abicom.com.br/ppi/ppi-06-04-2022/,ppi-06-04-2022
2022-04-04,-7.0,0,,103,https://abicom.com.br/ppi/ppi-04-04-2022/,ppi-04-04-2022
2022-04-01,-2.0,1,,104,https://abicom.com.br/ppi/ppi-01-04-2022/,ppi-01-04-2022
2022-03-30,-2.0,0,,108,https://abicom.com.br/ppi/ppi-30-03-2022/,ppi-30-03-2022
2022-03-29,-3.0,0,,106,https://abicom.com.br/ppi/ppi-29-03-2022/,ppi-29-03-2022
2022-03-28,-11.0,-8,,119,https://abicom.com.br/ppi/ppi-28-03-2022/,ppi-28-03-2022
2022-03-25,-17.0,-7,,119,https://abicom.com.br/ppi/ppi-25-03-2022/,ppi-25-03-2022
2022-03-24,-17.0,-10,,123,https://abicom.com.br/ppi/ppi-24-03-2022/,ppi-24-03-2022
2022-03-23,-13.0,-8,,116,https://abicom.com.br/ppi/ppi-23-03-2022/,ppi-23-03-2022
2022-03-22,-14.0,-11,,116,https://abicom.com.br/ppi/ppi-22-03-2022/,ppi-22-03-2022
2022-03-21,-11.0,-9,,108,https://abicom.com.br/ppi/ppi-21-03-2022/,ppi-21-03-2022
2022-03-18,-8.0,-9,,107,https://abicom.com.br/ppi/ppi-18-03-2022/,ppi-18-03-2022
2022-03-17,2.0,-3,,98,https://abicom.com.br/ppi/ppi-17-03-2022/,ppi-17-03-2022
2022-03-16,6.0,-1,,99,https://abicom.com.br/ppi/ppi-16-03-2022/,ppi-16-03-2022
2022-03-15,-2.0,-6,,107,https://abicom.com.br/ppi/ppi-15-03-2022/,ppi-15-03-2022
2022-03-14,-7.0,-10,,113,https://abicom.com.br/ppi/ppi-14-03-2022/,ppi-14-03-2022
2022-03-11,-4.0,-4,,109,https://abicom.com.br/ppi/ppi-11-03-2022/,ppi-11-03-2022
2022-03-10,-24.0,-20,,112,https://abicom.com.br/ppi/ppi-10-03-2022/,ppi-10-03-2022
2022-03-09,-40.0,-30,,129,https://abicom.com.br/ppi/ppi-09-03-2022/,ppi-09-03-2022
2022-03-08,-32.0,-28,,126,https://abicom.com.br/ppi/ppi-08-03-2022/,ppi-08-03-2022
2022-03-07,-30.0,-26,,118,https://abicom.com.br/ppi/ppi-07-03-2022/,ppi-07-03-2022
2022-03-04,-27.0,-22,,112,https://abicom.com.br/ppi/ppi-04-03-2022/,ppi-04-03-2022
2022-03-03,-25.0,-25,,114,https://abicom.com.br/ppi/ppi-03-03-2022/,ppi-03-03-2022
2022-03-01,-12.0,-13,,98,https://abicom.com.br/ppi/ppi-01-03-2022/,ppi-01-03-2022
2022-02-28,-11.0,-12,,94,https://abicom.com.br/ppi/ppi-28-02-2022/,ppi-28-02-2022
2022-02-25,-10.0,-9,,95,https://abicom.com.br/ppi/ppi-25-02-2022/,ppi-25-02-2022
2022-02-24,-6.0,-8,,94,https://abicom.com.br/ppi/ppi-24-02-2022/,ppi-24-02-2022
2022-02-22,-8.0,-11,,95,https://abicom.com.br/ppi/ppi-22-02-2022/,ppi-22-02-2022
2022-02-21,-6.0,-9,,91,https://abicom.com.br/ppi/ppi-21-02-2022/,ppi-21-02-2022
2022-02-18,-9.0,-8,,92,https://abicom.com.br/ppi/ppi-18-02-2022/,ppi-18-02-2022
2022-02-17,-10.0,-9,,94,https://abicom.com.br/ppi/ppi-17-02-2022/,ppi-17-02-2022
2022-02-16,-10.0,-9,,93,https://abicom.com.br/ppi/ppi-16-02-2022/,ppi-16-02-2022
2022-02-15,-13.0,-13,,94,https://abicom.com.br/ppi/ppi-15-02-2022/,ppi-15-02-2022
2022-02-14,-10.0,-10,,94,https://abicom.com.br/ppi/ppi-14-02-2022/,ppi-14-02-2022
2022-02-11,-9.0,-10,,91,https://abicom.com.br/ppi/ppi-11-02-2022/,ppi-11-02-2022
2022-02-10,-10.0,-11,,91,https://abicom.com.br/ppi/ppi-10-02-2022/,ppi-10-02-2022
2022-02-09,-9.0,-10,,91,https://abicom.com.br/ppi/ppi-09-02-2022/,ppi-09-02-2022
2022-02-08,-13.0,-12,,93,https://abicom.com.br/ppi/ppi-08-02-2022/,ppi-08-02-2022
2022-02-07,-12.0,-12,,93,https://abicom.com.br/ppi/ppi-07-02-2022/,ppi-07-02-2022
2022-02-04,-10.0,-10,,91,https://abicom.com.br/ppi/ppi-04-02-2022/,ppi-04-02-2022
2022-02-03,-6.0,-7,,89,https://abicom.com.br/ppi/ppi-03-02-2022/,ppi-03-02-2022
2022-02-02,-9.0,-9,,89,https://abicom.com.br/ppi/ppi-02-02-2022/,ppi-02-02-2022
2022-02-01,-9.0,-8,,88,https://abicom.com.br/ppi/ppi-01-02-2022/,ppi-01-02-2022
2026-06-08,-37.0,-36,5.12,96,https://abicom.com.br/ppi/ppi-08-06-2026/,ppi-08-06-2026
2026-06-05,-38.0,-35,5.04,95,https://abicom.com.br/ppi/ppi-05-06-2026/,ppi-05-06-2026
2026-06-03,-38.0,-41,5.01,97,https://abicom.com.br/ppi/ppi-03-06-2026/,ppi-03-06-2026
2026-06-02,-36.0,-40,5.03,95,https://abicom.com.br/ppi/ppi-02-06-2026/,ppi-02-06-2026
2026-06-01,-22.0,-43,5.06,93,https://abicom.com.br/ppi/ppi-01-06-2026/,ppi-01-06-2026
2026-05-29,-24.0,-46,5.05,92,https://abicom.com.br/ppi/ppi-29-05-2026/,ppi-29-05-2026
2026-05-28,-24.0,-46,5.06,96,https://abicom.com.br/ppi/ppi-28-05-2026/,ppi-28-05-2026
2026-05-27,-26.0,-48,5.02,98,https://abicom.com.br/ppi/ppi-27-05-2026/,ppi-27-05-2026
2026-05-26,-28.0,-52,5.01,98,https://abicom.com.br/ppi/ppi-26-05-2026/,ppi-26-05-2026
2026-06-09,-39.0,-38,5.17,93,https://abicom.com.br/ppi/ppi-09-06-2026/,ppi-09-06-2026
2026-06-17,-18.0,-22,5.07,79,https://abicom.com.br/ppi/ppi-17-06-2026/,ppi-17-06-2026
2026-06-16,-21.0,-26,5.04,81,https://abicom.com.br/ppi/ppi-16-06-2026/,ppi-16-06-2026
2026-06-15,-28.0,-32,5.07,82,https://abicom.com.br/ppi/ppi-15-06-2026/,ppi-15-06-2026
2026-06-12,-36.0,-36,5.15,87,https://abicom.com.br/ppi/ppi-12-06-2026/,ppi-12-06-2026
2026-06-11,-41.0,-37,5.18,94,https://abicom.com.br/ppi/ppi-11-06-2026/,ppi-11-06-2026
2026-06-10,-36.0,-34,5.17,93,https://abicom.com.br/ppi/ppi-10-06-2026/,ppi-10-06-2026
2026-06-18,-19.0,-23,5.06,76,https://abicom.com.br/ppi/ppi-18-06-2026/,ppi-18-06-2026
2026-06-22,-19.0,-27,5.14,79,https://abicom.com.br/ppi/ppi-22-06-2026/,ppi-22-06-2026
2026-06-19,-18.0,-29,5.16,80,https://abicom.com.br/ppi/ppi-19-06-2026/,ppi-19-06-2026
2026-06-23,-17.0,-25,5.14,77,https://abicom.com.br/ppi/ppi-23-06-2026/,ppi-23-06-2026
2026-06-25,-22.0,-21,5.21,73,https://abicom.com.br/ppi/ppi-25-06-2026/,ppi-25-06-2026
2026-06-24,-20.0,-24,5.17,75,https://abicom.com.br/ppi/ppi-24-06-2026/,ppi-24-06-2026
2026-06-26,-27.0,-27,5.19,72,https://abicom.com.br/ppi/ppi-26-06-2026/,ppi-26-06-2026
2026-06-29,-22.0,-24,5.17,72,https://abicom.com.br/ppi/ppi-29-06-2026/,ppi-29-06-2026
2026-06-30,-27.0,-29,5.17,72,https://abicom.com.br/ppi/ppi-30-06-2026/,ppi-30-06-2026
2026-07-01,-27.0,-25,5.17,71,https://abicom.com.br/ppi/ppi-01-07-2026/,ppi-01-07-2026
