safra,levantamento,unidade_geo,tipo_unidade,produto,metrica,valor
2025/2026,1,NORTE,regiao,cana,area_mil_ha,52.9838
2026/2027,1,NORTE,regiao,cana,area_mil_ha,52.7411
2025/2026,1,NORTE,regiao,cana,produtividade_kg_ha,71490.3856
2026/2027,1,NORTE,regiao,cana,produtividade_kg_ha,78763.3188
2025/2026,1,NORTE,regiao,cana,producao_mil_t,3787.8309
2026/2027,1,NORTE,regiao,cana,producao_mil_t,4154.0626
2025/2026,1,AM,uf,cana,area_mil_ha,3.652
2026/2027,1,AM,uf,cana,area_mil_ha,3.62
2025/2026,1,AM,uf,cana,produtividade_kg_ha,92825.8488
2026/2027,1,AM,uf,cana,produtividade_kg_ha,83701.6575
2025/2026,1,AM,uf,cana,producao_mil_t,339.0
2026/2027,1,AM,uf,cana,producao_mil_t,303.0
2025/2026,1,PA,uf,cana,area_mil_ha,17.7711
2026/2027,1,PA,uf,cana,area_mil_ha,17.7711
2025/2026,1,PA,uf,cana,produtividade_kg_ha,83807.1658
2026/2027,1,PA,uf,cana,produtividade_kg_ha,85082.5241
2025/2026,1,PA,uf,cana,producao_mil_t,1489.3439
2026/2027,1,PA,uf,cana,producao_mil_t,1512.0084
2025/2026,1,TO,uf,cana,area_mil_ha,31.5607
2026/2027,1,TO,uf,cana,area_mil_ha,31.35
2025/2026,1,TO,uf,cana,produtividade_kg_ha,62086.2972
2026/2027,1,TO,uf,cana,produtividade_kg_ha,74610.9776
2025/2026,1,TO,uf,cana,producao_mil_t,1959.487
2026/2027,1,TO,uf,cana,producao_mil_t,2339.0541
2025/2026,1,NORDESTE,regiao,cana,area_mil_ha,889.6915
2026/2027,1,NORDESTE,regiao,cana,area_mil_ha,901.2932
2025/2026,1,NORDESTE,regiao,cana,produtividade_kg_ha,59860.1852
2026/2027,1,NORDESTE,regiao,cana,produtividade_kg_ha,61248.2056
2025/2026,1,NORDESTE,regiao,cana,producao_mil_t,53257.098
2026/2027,1,NORDESTE,regiao,cana,producao_mil_t,55202.5894
2025/2026,1,MA,uf,cana,area_mil_ha,31.196
2026/2027,1,MA,uf,cana,area_mil_ha,31.61
2025/2026,1,MA,uf,cana,produtividade_kg_ha,68330.5873
2026/2027,1,MA,uf,cana,produtividade_kg_ha,71842.899
2025/2026,1,MA,uf,cana,producao_mil_t,2131.641
2026/2027,1,MA,uf,cana,producao_mil_t,2270.954
2025/2026,1,PI,uf,cana,area_mil_ha,20.528
2026/2027,1,PI,uf,cana,area_mil_ha,22.8
2025/2026,1,PI,uf,cana,produtividade_kg_ha,56118.4723
2026/2027,1,PI,uf,cana,produtividade_kg_ha,63171.9273
2025/2026,1,PI,uf,cana,producao_mil_t,1152.0
2026/2027,1,PI,uf,cana,producao_mil_t,1440.3199
2025/2026,1,RN,uf,cana,area_mil_ha,78.637
2026/2027,1,RN,uf,cana,area_mil_ha,81.629
2025/2026,1,RN,uf,cana,produtividade_kg_ha,45733.5097
2026/2027,1,RN,uf,cana,produtividade_kg_ha,47321.5816
2025/2026,1,RN,uf,cana,producao_mil_t,3596.346
2026/2027,1,RN,uf,cana,producao_mil_t,3862.8134
2025/2026,1,PB,uf,cana,area_mil_ha,129.634
2026/2027,1,PB,uf,cana,area_mil_ha,128.85
2025/2026,1,PB,uf,cana,produtividade_kg_ha,53343.3204
2026/2027,1,PB,uf,cana,produtividade_kg_ha,54596.6095
2025/2026,1,PB,uf,cana,producao_mil_t,6915.108
2026/2027,1,PB,uf,cana,producao_mil_t,7034.7731
2025/2026,1,PE,uf,cana,area_mil_ha,232.759
2026/2027,1,PE,uf,cana,area_mil_ha,231.296
2025/2026,1,PE,uf,cana,produtividade_kg_ha,57692.4501
2026/2027,1,PE,uf,cana,produtividade_kg_ha,58932.4703
2025/2026,1,PE,uf,cana,producao_mil_t,13428.437
2026/2027,1,PE,uf,cana,producao_mil_t,13630.8447
2025/2026,1,AL,uf,cana,area_mil_ha,293.1
2026/2027,1,AL,uf,cana,area_mil_ha,292.4882
2025/2026,1,AL,uf,cana,produtividade_kg_ha,62204.1283
2026/2027,1,AL,uf,cana,produtividade_kg_ha,63254.9912
2025/2026,1,AL,uf,cana,producao_mil_t,18232.03
2026/2027,1,AL,uf,cana,producao_mil_t,18501.3366
2025/2026,1,SE,uf,cana,area_mil_ha,37.033
2026/2027,1,SE,uf,cana,area_mil_ha,36.385
2025/2026,1,SE,uf,cana,produtividade_kg_ha,52039.5053
2026/2027,1,SE,uf,cana,produtividade_kg_ha,52704.1905
2025/2026,1,SE,uf,cana,producao_mil_t,1927.179
2026/2027,1,SE,uf,cana,producao_mil_t,1917.642
2025/2026,1,BA,uf,cana,area_mil_ha,66.8045
2026/2027,1,BA,uf,cana,area_mil_ha,76.235
2025/2026,1,BA,uf,cana,produtividade_kg_ha,87933.5524
2026/2027,1,BA,uf,cana,produtividade_kg_ha,85838.5999
2025/2026,1,BA,uf,cana,producao_mil_t,5874.357
2026/2027,1,BA,uf,cana,producao_mil_t,6543.9057
2025/2026,1,CENTRO-OESTE,regiao,cana,area_mil_ha,1955.1096
2026/2027,1,CENTRO-OESTE,regiao,cana,area_mil_ha,1990.477
2025/2026,1,CENTRO-OESTE,regiao,cana,produtividade_kg_ha,76820.2356
2026/2027,1,CENTRO-OESTE,regiao,cana,produtividade_kg_ha,77594.8135
2025/2026,1,CENTRO-OESTE,regiao,cana,producao_mil_t,150191.9805
2026/2027,1,CENTRO-OESTE,regiao,cana,producao_mil_t,154450.6916
2025/2026,1,MT,uf,cana,area_mil_ha,217.489
2026/2027,1,MT,uf,cana,area_mil_ha,225.648
2025/2026,1,MT,uf,cana,produtividade_kg_ha,85006.29
2026/2027,1,MT,uf,cana,produtividade_kg_ha,85979.8545
2025/2026,1,MT,uf,cana,producao_mil_t,18487.933
2026/2027,1,MT,uf,cana,producao_mil_t,19401.1822
2025/2026,1,MS,uf,cana,area_mil_ha,706.9456
2026/2027,1,MS,uf,cana,area_mil_ha,737.319
2025/2026,1,MS,uf,cana,produtividade_kg_ha,72938.0936
2026/2027,1,MS,uf,cana,produtividade_kg_ha,74948.3442
2025/2026,1,MS,uf,cana,producao_mil_t,51563.2647
2026/2027,1,MS,uf,cana,producao_mil_t,55260.8382
2025/2026,1,GO,uf,cana,area_mil_ha,1030.675
2026/2027,1,GO,uf,cana,area_mil_ha,1027.51
2025/2026,1,GO,uf,cana,produtividade_kg_ha,77755.6289
2026/2027,1,GO,uf,cana,produtividade_kg_ha,77652.4522
2025/2026,1,GO,uf,cana,producao_mil_t,80140.7828
2026/2027,1,GO,uf,cana,producao_mil_t,79788.6712
2025/2026,1,SUDESTE,regiao,cana,area_mil_ha,5561.489
2026/2027,1,SUDESTE,regiao,cana,area_mil_ha,5678.7655
2025/2026,1,SUDESTE,regiao,cana,produtividade_kg_ha,77329.2721
2026/2027,1,SUDESTE,regiao,cana,produtividade_kg_ha,80851.5402
2025/2026,1,SUDESTE,regiao,cana,producao_mil_t,430065.8963
2026/2027,1,SUDESTE,regiao,cana,producao_mil_t,459136.9368
2025/2026,1,MG,uf,cana,area_mil_ha,1036.7686
2026/2027,1,MG,uf,cana,area_mil_ha,1057.6477
2025/2026,1,MG,uf,cana,produtividade_kg_ha,74403.1461
2026/2027,1,MG,uf,cana,produtividade_kg_ha,78092.4767
2025/2026,1,MG,uf,cana,producao_mil_t,77138.8476
2026/2027,1,MG,uf,cana,producao_mil_t,82594.3321
2025/2026,1,ES,uf,cana,area_mil_ha,53.9117
2026/2027,1,ES,uf,cana,area_mil_ha,61.2447
2025/2026,1,ES,uf,cana,produtividade_kg_ha,61597.3199
2026/2027,1,ES,uf,cana,produtividade_kg_ha,63189.7373
2025/2026,1,ES,uf,cana,producao_mil_t,3320.815
2026/2027,1,ES,uf,cana,producao_mil_t,3870.0365
2025/2026,1,RJ,uf,cana,area_mil_ha,34.269
2026/2027,1,RJ,uf,cana,area_mil_ha,35.3185
2025/2026,1,RJ,uf,cana,produtividade_kg_ha,48705.2847
2026/2027,1,RJ,uf,cana,produtividade_kg_ha,49510.2844
2025/2026,1,RJ,uf,cana,producao_mil_t,1669.0814
2026/2027,1,RJ,uf,cana,producao_mil_t,1748.629
2025/2026,1,SP,uf,cana,area_mil_ha,4436.5397
2026/2027,1,SP,uf,cana,area_mil_ha,4524.5546
2025/2026,1,SP,uf,cana,produtividade_kg_ha,78425.3441
2026/2027,1,SP,uf,cana,produtividade_kg_ha,81980.2115
2025/2026,1,SP,uf,cana,producao_mil_t,347937.1523
2026/2027,1,SP,uf,cana,producao_mil_t,370923.9392
2025/2026,1,SUL,regiao,cana,area_mil_ha,495.3713
2026/2027,1,SUL,regiao,cana,area_mil_ha,497.0608
2025/2026,1,SUL,regiao,cana,produtividade_kg_ha,72634.4855
2026/2027,1,SUL,regiao,cana,produtividade_kg_ha,72797.9598
2025/2026,1,SUL,regiao,cana,producao_mil_t,35981.037
2026/2027,1,SUL,regiao,cana,producao_mil_t,36185.015
2025/2026,1,PR,uf,cana,area_mil_ha,495.3713
2026/2027,1,PR,uf,cana,area_mil_ha,497.0608
2025/2026,1,PR,uf,cana,produtividade_kg_ha,72634.4855
2026/2027,1,PR,uf,cana,produtividade_kg_ha,72797.9598
2025/2026,1,PR,uf,cana,producao_mil_t,35981.037
2026/2027,1,PR,uf,cana,producao_mil_t,36185.015
2025/2026,1,BRASIL,pais,cana,area_mil_ha,8954.6452
2026/2027,1,BRASIL,pais,cana,area_mil_ha,9120.3376
2025/2026,1,BRASIL,pais,cana,produtividade_kg_ha,75188.2214
2026/2027,1,BRASIL,pais,cana,produtividade_kg_ha,77752.5271
2025/2026,1,BRASIL,pais,cana,producao_mil_t,673283.8426
2026/2027,1,BRASIL,pais,cana,producao_mil_t,709129.2954
2025/2026,1,NORTE,regiao,cana,atr_medio_kg_t,127.1566
2026/2027,1,NORTE,regiao,cana,atr_medio_kg_t,126.2834
2025/2026,1,NORTE,regiao,cana,atr_total_ton,481647.8572
2026/2027,1,NORTE,regiao,cana,atr_total_ton,524588.9795
2025/2026,1,AM,uf,cana,atr_medio_kg_t,109.79
2026/2027,1,AM,uf,cana,atr_medio_kg_t,107.6
2025/2026,1,AM,uf,cana,atr_total_ton,37218.81
2026/2027,1,AM,uf,cana,atr_total_ton,32602.8
2025/2026,1,PA,uf,cana,atr_medio_kg_t,130.0
2026/2027,1,PA,uf,cana,atr_medio_kg_t,128.3
2025/2026,1,PA,uf,cana,atr_total_ton,193614.7112
2026/2027,1,PA,uf,cana,atr_total_ton,193990.6813
2025/2026,1,TO,uf,cana,atr_medio_kg_t,128.0
2026/2027,1,TO,uf,cana,atr_medio_kg_t,127.4
2025/2026,1,TO,uf,cana,atr_total_ton,250814.336
2026/2027,1,TO,uf,cana,atr_total_ton,297995.4983
2025/2026,1,NORDESTE,regiao,cana,atr_medio_kg_t,129.6941
2026/2027,1,NORDESTE,regiao,cana,atr_medio_kg_t,128.3379
2025/2026,1,NORDESTE,regiao,cana,atr_total_ton,6907129.5145
2026/2027,1,NORDESTE,regiao,cana,atr_total_ton,7084581.9555
2025/2026,1,MA,uf,cana,atr_medio_kg_t,135.5065
2026/2027,1,MA,uf,cana,atr_medio_kg_t,133.5
2025/2026,1,MA,uf,cana,atr_total_ton,288851.2032
2026/2027,1,MA,uf,cana,atr_total_ton,303172.3642
2025/2026,1,PI,uf,cana,atr_medio_kg_t,130.69
2026/2027,1,PI,uf,cana,atr_medio_kg_t,129.1
2025/2026,1,PI,uf,cana,atr_total_ton,150554.88
2026/2027,1,PI,uf,cana,atr_total_ton,185945.3044
2025/2026,1,RN,uf,cana,atr_medio_kg_t,126.37
2026/2027,1,RN,uf,cana,atr_medio_kg_t,124.1
2025/2026,1,RN,uf,cana,atr_total_ton,454470.244
2026/2027,1,RN,uf,cana,atr_total_ton,479375.1407
2025/2026,1,PB,uf,cana,atr_medio_kg_t,128.17
2026/2027,1,PB,uf,cana,atr_medio_kg_t,127.6
2025/2026,1,PB,uf,cana,atr_total_ton,886309.3924
2026/2027,1,PB,uf,cana,atr_total_ton,897637.0524
2025/2026,1,PE,uf,cana,atr_medio_kg_t,130.55
2026/2027,1,PE,uf,cana,atr_medio_kg_t,127.4
2025/2026,1,PE,uf,cana,atr_total_ton,1753082.4504
2026/2027,1,PE,uf,cana,atr_total_ton,1736569.6099
2025/2026,1,AL,uf,cana,atr_medio_kg_t,130.16
2026/2027,1,AL,uf,cana,atr_medio_kg_t,128.2
2025/2026,1,AL,uf,cana,atr_total_ton,2373081.0248
2026/2027,1,AL,uf,cana,atr_total_ton,2371871.353
2025/2026,1,SE,uf,cana,atr_medio_kg_t,125.95
2026/2027,1,SE,uf,cana,atr_medio_kg_t,124.3
2025/2026,1,SE,uf,cana,atr_total_ton,242728.1951
2026/2027,1,SE,uf,cana,atr_total_ton,238362.8969
2025/2026,1,BA,uf,cana,atr_medio_kg_t,129.0443
2026/2027,1,BA,uf,cana,atr_medio_kg_t,133.2
2025/2026,1,BA,uf,cana,atr_total_ton,758052.1247
2026/2027,1,BA,uf,cana,atr_total_ton,871648.234
2025/2026,1,CENTRO-OESTE,regiao,cana,atr_medio_kg_t,132.9044
2026/2027,1,CENTRO-OESTE,regiao,cana,atr_medio_kg_t,133.0431
2025/2026,1,CENTRO-OESTE,regiao,cana,atr_total_ton,19961181.4993
2026/2027,1,CENTRO-OESTE,regiao,cana,atr_total_ton,20548602.7736
2025/2026,1,MT,uf,cana,atr_medio_kg_t,128.768
2026/2027,1,MT,uf,cana,atr_medio_kg_t,128.0
2025/2026,1,MT,uf,cana,atr_total_ton,2380654.1007
2026/2027,1,MT,uf,cana,atr_total_ton,2483351.3217
2025/2026,1,MS,uf,cana,atr_medio_kg_t,131.9233
2026/2027,1,MS,uf,cana,atr_medio_kg_t,130.4
2025/2026,1,MS,uf,cana,atr_total_ton,6802393.5198
2026/2027,1,MS,uf,cana,atr_total_ton,7206013.3042
2025/2026,1,GO,uf,cana,atr_medio_kg_t,134.49
2026/2027,1,GO,uf,cana,atr_medio_kg_t,136.1
2025/2026,1,GO,uf,cana,atr_total_ton,10778133.8788
2026/2027,1,GO,uf,cana,atr_total_ton,10859238.1477
2025/2026,1,SUDESTE,regiao,cana,atr_medio_kg_t,136.629
2026/2027,1,SUDESTE,regiao,cana,atr_medio_kg_t,135.1552
2025/2026,1,SUDESTE,regiao,cana,atr_total_ton,58759484.8363
2026/2027,1,SUDESTE,regiao,cana,atr_total_ton,62054764.8659
2025/2026,1,MG,uf,cana,atr_medio_kg_t,134.255
2026/2027,1,MG,uf,cana,atr_medio_kg_t,133.4
2025/2026,1,MG,uf,cana,atr_total_ton,10356274.3991
2026/2027,1,MG,uf,cana,atr_total_ton,11018083.9074
2025/2026,1,ES,uf,cana,atr_medio_kg_t,120.82
2026/2027,1,ES,uf,cana,atr_medio_kg_t,119.7
2025/2026,1,ES,uf,cana,atr_total_ton,401220.8683
2026/2027,1,ES,uf,cana,atr_total_ton,463243.3695
2025/2026,1,RJ,uf,cana,atr_medio_kg_t,112.98
2026/2027,1,RJ,uf,cana,atr_medio_kg_t,115.5
2025/2026,1,RJ,uf,cana,atr_total_ton,188572.8166
2026/2027,1,RJ,uf,cana,atr_total_ton,201966.6473
2025/2026,1,SP,uf,cana,atr_medio_kg_t,137.4197
2026/2027,1,SP,uf,cana,atr_medio_kg_t,135.8
2025/2026,1,SP,uf,cana,atr_total_ton,47813416.7524
2026/2027,1,SP,uf,cana,atr_total_ton,50371470.9417
2025/2026,1,SUL,regiao,cana,atr_medio_kg_t,132.0187
2026/2027,1,SUL,regiao,cana,atr_medio_kg_t,129.3
2025/2026,1,SUL,regiao,cana,atr_total_ton,4750169.1939
2026/2027,1,SUL,regiao,cana,atr_total_ton,4678722.4428
2025/2026,1,PR,uf,cana,atr_medio_kg_t,132.0187
2026/2027,1,PR,uf,cana,atr_medio_kg_t,129.3
2025/2026,1,PR,uf,cana,atr_total_ton,4750169.1939
2026/2027,1,PR,uf,cana,atr_total_ton,4678722.4428
2025/2026,1,BRASIL,pais,cana,atr_medio_kg_t,134.9499
2026/2027,1,BRASIL,pais,cana,atr_medio_kg_t,133.8138
2025/2026,1,BRASIL,pais,cana,atr_total_ton,90859612.9012
2026/2027,1,BRASIL,pais,cana,atr_total_ton,94891261.0175
2025/2026,1,NORTE,regiao,acucar,producao_mil_t,102.793
2026/2027,1,NORTE,regiao,acucar,producao_mil_t,100.032
2025/2026,1,AM,uf,acucar,producao_mil_t,20.093
2026/2027,1,AM,uf,acucar,producao_mil_t,17.332
2025/2026,1,PA,uf,acucar,producao_mil_t,82.7
2026/2027,1,PA,uf,acucar,producao_mil_t,82.7
2025/2026,1,NORDESTE,regiao,acucar,producao_mil_t,3291.8018
2026/2027,1,NORDESTE,regiao,acucar,producao_mil_t,3630.9386
2025/2026,1,MA,uf,acucar,producao_mil_t,24.525
2026/2027,1,MA,uf,acucar,producao_mil_t,22.61
2025/2026,1,PI,uf,acucar,producao_mil_t,86.0
2026/2027,1,PI,uf,acucar,producao_mil_t,118.0
2025/2026,1,RN,uf,acucar,producao_mil_t,169.408
2026/2027,1,RN,uf,acucar,producao_mil_t,213.983
2025/2026,1,PB,uf,acucar,producao_mil_t,223.926
2026/2027,1,PB,uf,acucar,producao_mil_t,295.0
2025/2026,1,PE,uf,acucar,producao_mil_t,971.893
2026/2027,1,PE,uf,acucar,producao_mil_t,990.183
2025/2026,1,AL,uf,acucar,producao_mil_t,1539.512
2026/2027,1,AL,uf,acucar,producao_mil_t,1648.2976
2025/2026,1,SE,uf,acucar,producao_mil_t,128.865
2026/2027,1,SE,uf,acucar,producao_mil_t,128.865
2025/2026,1,BA,uf,acucar,producao_mil_t,147.6729
2026/2027,1,BA,uf,acucar,producao_mil_t,214.0
2025/2026,1,CENTRO-OESTE,regiao,acucar,producao_mil_t,5869.0901
2026/2027,1,CENTRO-OESTE,regiao,acucar,producao_mil_t,5927.213
2025/2026,1,MT,uf,acucar,producao_mil_t,653.3294
2026/2027,1,MT,uf,acucar,producao_mil_t,678.683
2025/2026,1,MS,uf,acucar,producao_mil_t,2124.8532
2026/2027,1,MS,uf,acucar,producao_mil_t,2191.344
2025/2026,1,GO,uf,acucar,producao_mil_t,3090.9075
2026/2027,1,GO,uf,acucar,producao_mil_t,3057.186
2025/2026,1,SUDESTE,regiao,acucar,producao_mil_t,32078.5903
2026/2027,1,SUDESTE,regiao,acucar,producao_mil_t,31533.4032
2025/2026,1,MG,uf,acucar,producao_mil_t,5591.7444
2026/2027,1,MG,uf,acucar,producao_mil_t,5558.4253
2025/2026,1,ES,uf,acucar,producao_mil_t,198.0
2026/2027,1,ES,uf,acucar,producao_mil_t,215.15
2025/2026,1,RJ,uf,acucar,producao_mil_t,21.907
2026/2027,1,RJ,uf,acucar,producao_mil_t,55.108
2025/2026,1,SP,uf,acucar,producao_mil_t,26266.9389
2026/2027,1,SP,uf,acucar,producao_mil_t,25704.72
2025/2026,1,SUL,regiao,acucar,producao_mil_t,2836.8043
2026/2027,1,SUL,regiao,acucar,producao_mil_t,2760.66
2025/2026,1,PR,uf,acucar,producao_mil_t,2836.8043
2026/2027,1,PR,uf,acucar,producao_mil_t,2760.66
2025/2026,1,BRASIL,pais,acucar,producao_mil_t,44179.0796
2026/2027,1,BRASIL,pais,acucar,producao_mil_t,43952.2469
2025/2026,1,NORTE,regiao,etanol_total,producao_mil_l,229467.43
2026/2027,1,NORTE,regiao,etanol_total,producao_mil_l,257124.0
2025/2026,1,AM,uf,etanol_total,producao_mil_l,8390.0
2026/2027,1,AM,uf,etanol_total,producao_mil_l,7146.0
2025/2026,1,PA,uf,etanol_total,producao_mil_l,55538.0
2026/2027,1,PA,uf,etanol_total,producao_mil_l,55538.0
2025/2026,1,TO,uf,etanol_total,producao_mil_l,165539.43
2026/2027,1,TO,uf,etanol_total,producao_mil_l,194440.0
2025/2026,1,NORDESTE,regiao,etanol_total,producao_mil_l,2047770.157
2026/2027,1,NORDESTE,regiao,etanol_total,producao_mil_l,1987345.528
2025/2026,1,MA,uf,etanol_total,producao_mil_l,162791.0
2026/2027,1,MA,uf,etanol_total,producao_mil_l,168846.0
2025/2026,1,PI,uf,etanol_total,producao_mil_l,37900.0
2026/2027,1,PI,uf,etanol_total,producao_mil_l,42014.0
2025/2026,1,RN,uf,etanol_total,producao_mil_l,149281.2
2026/2027,1,RN,uf,etanol_total,producao_mil_l,140703.2
2025/2026,1,PB,uf,etanol_total,producao_mil_l,388485.0
2026/2027,1,PB,uf,etanol_total,producao_mil_l,390750.0
2025/2026,1,PE,uf,etanol_total,producao_mil_l,365973.9577
2026/2027,1,PE,uf,etanol_total,producao_mil_l,345301.8
2025/2026,1,AL,uf,etanol_total,producao_mil_l,496657.7339
2026/2027,1,AL,uf,etanol_total,producao_mil_l,447530.528
2025/2026,1,SE,uf,etanol_total,producao_mil_l,95616.6653
2026/2027,1,SE,uf,etanol_total,producao_mil_l,67700.0
2025/2026,1,BA,uf,etanol_total,producao_mil_l,351064.6
2026/2027,1,BA,uf,etanol_total,producao_mil_l,384500.0
2025/2026,1,CENTRO-OESTE,regiao,etanol_total,producao_mil_l,8491856.0233
2026/2027,1,CENTRO-OESTE,regiao,etanol_total,producao_mil_l,9025608.2431
2025/2026,1,MT,uf,etanol_total,producao_mil_l,1143253.615
2026/2027,1,MT,uf,etanol_total,producao_mil_l,1175671.9431
2025/2026,1,MS,uf,etanol_total,producao_mil_l,2797206.6083
2026/2027,1,MS,uf,etanol_total,producao_mil_l,3203378.9
2025/2026,1,GO,uf,etanol_total,producao_mil_l,4551395.8
2026/2027,1,GO,uf,etanol_total,producao_mil_l,4646557.4
2025/2026,1,SUDESTE,regiao,etanol_total,producao_mil_l,15356169.4378
2026/2027,1,SUDESTE,regiao,etanol_total,producao_mil_l,16809789.3387
2025/2026,1,MG,uf,etanol_total,producao_mil_l,2712070.3903
2026/2027,1,MG,uf,etanol_total,producao_mil_l,3140777.8403
2025/2026,1,ES,uf,etanol_total,producao_mil_l,102264.0
2026/2027,1,ES,uf,etanol_total,producao_mil_l,168333.0
2025/2026,1,RJ,uf,etanol_total,producao_mil_l,102468.0
2026/2027,1,RJ,uf,etanol_total,producao_mil_l,109477.0
2025/2026,1,SP,uf,etanol_total,producao_mil_l,12439367.0475
2026/2027,1,SP,uf,etanol_total,producao_mil_l,13391201.4984
2025/2026,1,SUL,regiao,etanol_total,producao_mil_l,1205676.4111
2026/2027,1,SUL,regiao,etanol_total,producao_mil_l,1178781.4
2025/2026,1,PR,uf,etanol_total,producao_mil_l,1205676.4111
2026/2027,1,PR,uf,etanol_total,producao_mil_l,1178781.4
2025/2026,1,BRASIL,pais,etanol_total,producao_mil_l,27330939.4592
2026/2027,1,BRASIL,pais,etanol_total,producao_mil_l,29258648.5098
2025/2026,1,NORTE,regiao,etanol_anidro,producao_mil_l,121976.33
2026/2027,1,NORTE,regiao,etanol_anidro,producao_mil_l,126941.0
2025/2026,1,AM,uf,etanol_anidro,producao_mil_l,1006.0
2026/2027,1,AM,uf,etanol_anidro,producao_mil_l,1000.0
2025/2026,1,PA,uf,etanol_anidro,producao_mil_l,41941.0
2026/2027,1,PA,uf,etanol_anidro,producao_mil_l,41941.0
2025/2026,1,TO,uf,etanol_anidro,producao_mil_l,80035.33
2026/2027,1,TO,uf,etanol_anidro,producao_mil_l,85000.0
2025/2026,1,NORDESTE,regiao,etanol_anidro,producao_mil_l,891396.4277
2026/2027,1,NORDESTE,regiao,etanol_anidro,producao_mil_l,923057.161
2025/2026,1,MA,uf,etanol_anidro,producao_mil_l,139931.0
2026/2027,1,MA,uf,etanol_anidro,producao_mil_l,156762.0
2025/2026,1,PI,uf,etanol_anidro,producao_mil_l,18839.0
2026/2027,1,PI,uf,etanol_anidro,producao_mil_l,21007.0
2025/2026,1,RN,uf,etanol_anidro,producao_mil_l,14306.9
2026/2027,1,RN,uf,etanol_anidro,producao_mil_l,23593.8
2025/2026,1,PB,uf,etanol_anidro,producao_mil_l,220202.0
2026/2027,1,PB,uf,etanol_anidro,producao_mil_l,237000.0
2025/2026,1,PE,uf,etanol_anidro,producao_mil_l,117412.4
2026/2027,1,PE,uf,etanol_anidro,producao_mil_l,134647.5
2025/2026,1,AL,uf,etanol_anidro,producao_mil_l,211753.7036
2026/2027,1,AL,uf,etanol_anidro,producao_mil_l,210046.861
2025/2026,1,SE,uf,etanol_anidro,producao_mil_l,17015.8242
2026/2027,1,SE,uf,etanol_anidro,producao_mil_l,17000.0
2025/2026,1,BA,uf,etanol_anidro,producao_mil_l,151935.6
2026/2027,1,BA,uf,etanol_anidro,producao_mil_l,123000.0
2025/2026,1,CENTRO-OESTE,regiao,etanol_anidro,producao_mil_l,2176196.2951
2026/2027,1,CENTRO-OESTE,regiao,etanol_anidro,producao_mil_l,2390771.5007
2025/2026,1,MT,uf,etanol_anidro,producao_mil_l,398406.4716
2026/2027,1,MT,uf,etanol_anidro,producao_mil_l,415247.0007
2025/2026,1,MS,uf,etanol_anidro,producao_mil_l,572005.6234
2026/2027,1,MS,uf,etanol_anidro,producao_mil_l,823252.6
2025/2026,1,GO,uf,etanol_anidro,producao_mil_l,1205784.2
2026/2027,1,GO,uf,etanol_anidro,producao_mil_l,1152271.9
2025/2026,1,SUDESTE,regiao,etanol_anidro,producao_mil_l,6373382.7457
2026/2027,1,SUDESTE,regiao,etanol_anidro,producao_mil_l,6973494.7839
2025/2026,1,MG,uf,etanol_anidro,producao_mil_l,1045463.7766
2026/2027,1,MG,uf,etanol_anidro,producao_mil_l,1104302.3817
2025/2026,1,ES,uf,etanol_anidro,producao_mil_l,74264.0
2026/2027,1,ES,uf,etanol_anidro,producao_mil_l,100750.0
2025/2026,1,SP,uf,etanol_anidro,producao_mil_l,5253654.9691
2026/2027,1,SP,uf,etanol_anidro,producao_mil_l,5768442.4021
2025/2026,1,SUL,regiao,etanol_anidro,producao_mil_l,555762.4025
2026/2027,1,SUL,regiao,etanol_anidro,producao_mil_l,554083.5
2025/2026,1,PR,uf,etanol_anidro,producao_mil_l,555762.4025
2026/2027,1,PR,uf,etanol_anidro,producao_mil_l,554083.5
2025/2026,1,BRASIL,pais,etanol_anidro,producao_mil_l,10118714.201
2026/2027,1,BRASIL,pais,etanol_anidro,producao_mil_l,10968347.9455
2025/2026,1,NORTE,regiao,etanol_hidratado,producao_mil_l,106485.1
2026/2027,1,NORTE,regiao,etanol_hidratado,producao_mil_l,129183.0
2025/2026,1,AM,uf,etanol_hidratado,producao_mil_l,7384.0
2026/2027,1,AM,uf,etanol_hidratado,producao_mil_l,6146.0
2025/2026,1,PA,uf,etanol_hidratado,producao_mil_l,13597.0
2026/2027,1,PA,uf,etanol_hidratado,producao_mil_l,13597.0
2025/2026,1,TO,uf,etanol_hidratado,producao_mil_l,85504.1
2026/2027,1,TO,uf,etanol_hidratado,producao_mil_l,109440.0
2025/2026,1,NORDESTE,regiao,etanol_hidratado,producao_mil_l,1156373.7292
2026/2027,1,NORDESTE,regiao,etanol_hidratado,producao_mil_l,1064288.367
2025/2026,1,MA,uf,etanol_hidratado,producao_mil_l,22860.0
2026/2027,1,MA,uf,etanol_hidratado,producao_mil_l,12084.0
2025/2026,1,PI,uf,etanol_hidratado,producao_mil_l,19061.0
2026/2027,1,PI,uf,etanol_hidratado,producao_mil_l,21007.0
2025/2026,1,RN,uf,etanol_hidratado,producao_mil_l,134974.3
2026/2027,1,RN,uf,etanol_hidratado,producao_mil_l,117109.4
2025/2026,1,PB,uf,etanol_hidratado,producao_mil_l,168283.0
2026/2027,1,PB,uf,etanol_hidratado,producao_mil_l,153750.0
2025/2026,1,PE,uf,etanol_hidratado,producao_mil_l,248561.5577
2026/2027,1,PE,uf,etanol_hidratado,producao_mil_l,210654.3
2025/2026,1,AL,uf,etanol_hidratado,producao_mil_l,284904.0304
2026/2027,1,AL,uf,etanol_hidratado,producao_mil_l,237483.667
2025/2026,1,SE,uf,etanol_hidratado,producao_mil_l,78600.8411
2026/2027,1,SE,uf,etanol_hidratado,producao_mil_l,50700.0
2025/2026,1,BA,uf,etanol_hidratado,producao_mil_l,199129.0
2026/2027,1,BA,uf,etanol_hidratado,producao_mil_l,261500.0
2025/2026,1,CENTRO-OESTE,regiao,etanol_hidratado,producao_mil_l,6315659.7283
2026/2027,1,CENTRO-OESTE,regiao,etanol_hidratado,producao_mil_l,6634836.7424
2025/2026,1,MT,uf,etanol_hidratado,producao_mil_l,744847.1434
2026/2027,1,MT,uf,etanol_hidratado,producao_mil_l,760424.9424
2025/2026,1,MS,uf,etanol_hidratado,producao_mil_l,2225200.9849
2026/2027,1,MS,uf,etanol_hidratado,producao_mil_l,2380126.3
2025/2026,1,GO,uf,etanol_hidratado,producao_mil_l,3345611.6
2026/2027,1,GO,uf,etanol_hidratado,producao_mil_l,3494285.5
2025/2026,1,SUDESTE,regiao,etanol_hidratado,producao_mil_l,8982786.6921
2026/2027,1,SUDESTE,regiao,etanol_hidratado,producao_mil_l,9836294.5549
2025/2026,1,MG,uf,etanol_hidratado,producao_mil_l,1666606.6138
2026/2027,1,MG,uf,etanol_hidratado,producao_mil_l,2036475.4585
2025/2026,1,ES,uf,etanol_hidratado,producao_mil_l,28000.0
2026/2027,1,ES,uf,etanol_hidratado,producao_mil_l,67583.0
2025/2026,1,RJ,uf,etanol_hidratado,producao_mil_l,102468.0
2026/2027,1,RJ,uf,etanol_hidratado,producao_mil_l,109477.0
2025/2026,1,SP,uf,etanol_hidratado,producao_mil_l,7185712.0784
2026/2027,1,SP,uf,etanol_hidratado,producao_mil_l,7622759.0963
2025/2026,1,SUL,regiao,etanol_hidratado,producao_mil_l,649914.0086
2026/2027,1,SUL,regiao,etanol_hidratado,producao_mil_l,624697.9
2025/2026,1,PR,uf,etanol_hidratado,producao_mil_l,649914.0086
2026/2027,1,PR,uf,etanol_hidratado,producao_mil_l,624697.9
2025/2026,1,BRASIL,pais,etanol_hidratado,producao_mil_l,17211219.2583
2026/2027,1,BRASIL,pais,etanol_hidratado,producao_mil_l,18289300.5643
2025/2026,1,NORDESTE,regiao,etanol_milho_anidro,producao_mil_l,796800.0
2026/2027,1,NORDESTE,regiao,etanol_milho_anidro,producao_mil_l,1031800.0
2025/2026,1,NORDESTE,regiao,etanol_milho_hidratado,producao_mil_l,199231.2
2026/2027,1,NORDESTE,regiao,etanol_milho_hidratado,producao_mil_l,434231.2
2025/2026,1,NORDESTE,regiao,etanol_milho_total,producao_mil_l,996031.2
2026/2027,1,NORDESTE,regiao,etanol_milho_total,producao_mil_l,1466031.2
2025/2026,1,MA,uf,etanol_milho_anidro,producao_mil_l,796800.0
2026/2027,1,MA,uf,etanol_milho_anidro,producao_mil_l,796800.0
2025/2026,1,MA,uf,etanol_milho_hidratado,producao_mil_l,199200.0
2026/2027,1,MA,uf,etanol_milho_hidratado,producao_mil_l,199200.0
2025/2026,1,MA,uf,etanol_milho_total,producao_mil_l,996000.0
2026/2027,1,MA,uf,etanol_milho_total,producao_mil_l,996000.0
2025/2026,1,AL,uf,etanol_milho_hidratado,producao_mil_l,31.2
2026/2027,1,AL,uf,etanol_milho_hidratado,producao_mil_l,31.2
2025/2026,1,AL,uf,etanol_milho_total,producao_mil_l,31.2
2026/2027,1,AL,uf,etanol_milho_total,producao_mil_l,31.2
2026/2027,1,BA,uf,etanol_milho_anidro,producao_mil_l,235000.0
2026/2027,1,BA,uf,etanol_milho_hidratado,producao_mil_l,235000.0
2026/2027,1,BA,uf,etanol_milho_total,producao_mil_l,470000.0
2025/2026,1,CENTRO-OESTE,regiao,etanol_milho_anidro,producao_mil_l,3161575.0
2026/2027,1,CENTRO-OESTE,regiao,etanol_milho_anidro,producao_mil_l,3221767.0
2025/2026,1,CENTRO-OESTE,regiao,etanol_milho_hidratado,producao_mil_l,5997402.0
2026/2027,1,CENTRO-OESTE,regiao,etanol_milho_hidratado,producao_mil_l,6710329.0
2025/2026,1,CENTRO-OESTE,regiao,etanol_milho_total,producao_mil_l,9158977.0
2026/2027,1,CENTRO-OESTE,regiao,etanol_milho_total,producao_mil_l,9932096.0
2025/2026,1,MT,uf,etanol_milho_anidro,producao_mil_l,2168056.0
2026/2027,1,MT,uf,etanol_milho_anidro,producao_mil_l,2305600.0
2025/2026,1,MT,uf,etanol_milho_hidratado,producao_mil_l,4079944.0
2026/2027,1,MT,uf,etanol_milho_hidratado,producao_mil_l,4734400.0
2025/2026,1,MT,uf,etanol_milho_total,producao_mil_l,6248000.0
2026/2027,1,MT,uf,etanol_milho_total,producao_mil_l,7040000.0
2025/2026,1,MS,uf,etanol_milho_anidro,producao_mil_l,572343.0
2026/2027,1,MS,uf,etanol_milho_anidro,producao_mil_l,424560.0
2025/2026,1,MS,uf,etanol_milho_hidratado,producao_mil_l,1556051.0
2026/2027,1,MS,uf,etanol_milho_hidratado,producao_mil_l,1625929.0
2025/2026,1,MS,uf,etanol_milho_total,producao_mil_l,2128394.0
2026/2027,1,MS,uf,etanol_milho_total,producao_mil_l,2050489.0
2025/2026,1,GO,uf,etanol_milho_anidro,producao_mil_l,421176.0
2026/2027,1,GO,uf,etanol_milho_anidro,producao_mil_l,491607.0
2025/2026,1,GO,uf,etanol_milho_hidratado,producao_mil_l,361407.0
2026/2027,1,GO,uf,etanol_milho_hidratado,producao_mil_l,350000.0
2025/2026,1,GO,uf,etanol_milho_total,producao_mil_l,782583.0
2026/2027,1,GO,uf,etanol_milho_total,producao_mil_l,841607.0
2025/2026,1,SUL,regiao,etanol_milho_anidro,producao_mil_l,16351.0
2026/2027,1,SUL,regiao,etanol_milho_anidro,producao_mil_l,28979.6
2025/2026,1,SUL,regiao,etanol_milho_hidratado,producao_mil_l,2085.0
2026/2027,1,SUL,regiao,etanol_milho_hidratado,producao_mil_l,2556.1
2025/2026,1,SUL,regiao,etanol_milho_total,producao_mil_l,18436.0
2026/2027,1,SUL,regiao,etanol_milho_total,producao_mil_l,31535.7
2025/2026,1,PR,uf,etanol_milho_anidro,producao_mil_l,16351.0
2026/2027,1,PR,uf,etanol_milho_anidro,producao_mil_l,28979.6
2025/2026,1,PR,uf,etanol_milho_hidratado,producao_mil_l,2085.0
2026/2027,1,PR,uf,etanol_milho_hidratado,producao_mil_l,2556.1
2025/2026,1,PR,uf,etanol_milho_total,producao_mil_l,18436.0
2026/2027,1,PR,uf,etanol_milho_total,producao_mil_l,31535.7
2025/2026,1,BRASIL,pais,etanol_milho_anidro,producao_mil_l,3974726.0
2026/2027,1,BRASIL,pais,etanol_milho_anidro,producao_mil_l,4282546.6
2025/2026,1,BRASIL,pais,etanol_milho_hidratado,producao_mil_l,6198718.2
2026/2027,1,BRASIL,pais,etanol_milho_hidratado,producao_mil_l,7147116.3
2025/2026,1,BRASIL,pais,etanol_milho_total,producao_mil_l,10173444.2
2026/2027,1,BRASIL,pais,etanol_milho_total,producao_mil_l,11429662.9
